ID DEPATAMENTO,DEPARTAMENTO,ID MUNICIPIO,MUNICIPIO,CODIGO_LOCALIDAD,LOCALIDAD,ANO SERVICIO,MES SERVICIO,ENERGIA ACTIVA,ENERGIA REACTIVA,POTENCIA MAXIMA,DEMANDA MAXIMA,PROMEDIO DIARIO EN HORAS
94,GUAINIA,94343,BARRANCO MINAS,94343000,BARRANCO MINAS,2020,1,39131,1384895,15414,Miercoles,118
85,CASANARE,85430,TRINIDAD,85430001,BOCAS DEL PAUTO,2020,1,13100,732995,10765,Jueves,556
97,VAUPES,97161,CARURU,97161000,CARURA,2020,1,26507,925936,9768,Viernes,1224
99,VICHADA,99001,PUERTO CARREAO,99001002,CASUARITO,2020,1,26425,1121569,12936,Lunes,843
19,CAUCA,19809,TIMBIQUI,19809014,CHACAN,2020,1,3530,62523,3006,Miercoles,53
19,CAUCA,19809,TIMBIQUI,19809010,COMUNIDAD DE CHETE,2020,1,2093,61742,3923,Domingo,25
19,CAUCA,19809,TIMBIQUI,19809003,COTEJE,2020,1,5137,312893,3404,Sabado,546
99,VICHADA,99773,CUMARIBO,99773000,CUMARIBO,2020,1,269226,1186999,57992,Martes,2149
19,CAUCA,19418,LOPEZ MICAY,19418011,DOS QUEBRADAS,2020,1,2090,5367,4525,Sabado,147
18,CAQUETA,18753,SAN VICENTE DEL CAGUAN,18753002,GUACAMAYAS,2020,1,12554,614651,3926,Viernes,1826
94,GUAINIA,94001,INIRIDA,94001000,INARIDA,2020,1,1643134,55195184,319352,Martes,24
19,CAUCA,19418,LOPEZ MICAY,19418038,ISLA DE GALLO,2020,1,2545,7881,2694,Viernes,354
13,BOLIVAR,13001,CARTAGENA,13001007,ISLA FUERTE CARTAGENA,2020,1,16797,888723,13585,Sabado,526
13,BOLIVAR,13001,CARTAGENA,13001037,ISLA MACURA,2020,1,10188,439646,3144,Sabado,146
99,VICHADA,99524,LA PRIMAVERA,99524000,LA PRIMAVERA,2020,1,351440,18249317,70525,Jueves,24
91,AMAZONAS,91001,LETICIA,91001000,LETICIA,2020,1,3930642,1251191,776876,Lunes,24
19,CAUCA,19809,TIMBIQUI,19809026,LOS BRAZOS,2020,1,9464,73577,5177,Miercoles,65
50,META,50325,MAPIRIPAN,50325000,MAPIRIPAÅN,2020,1,133744,5633694,28864,Viernes,2337
95,GUAVIARE,95200,MIRAFLORES,95200000,MIRAFLORES,2020,1,78171,2760483,20108,Miercoles,1736
97,VAUPES,97001,MITU,97001000,MITA,2020,1,1242033,39470965,263377,Viernes,2358
44,LA GUAJIRA,44847,URIBIA,44847012,NAZARETH URIBIA,2020,1,15660,725626,21398,Miercoles,351
19,CAUCA,19418,LOPEZ MICAY,19418009,NOANAMITO LAPEZ,2020,1,4271,2127,32,Viernes,556
47,MAGDALENA,47189,CIENAGA,47189018,PALMOR CIANAGA,2020,1,95888,3633582,18848,Sabado,2336
86,PUTUMAYO,86573,PUERTO LEGUIZAMO,86573009,PIAUAO NEGRO,2020,1,3942,17712,288,Domingo,615
88,ARCHIPIELAGO DE SAN ANDRES,88564,PROVIDENCIA,88564000,PROVIDENCIA,2020,1,982117,337077,167109,Viernes,24
99,VICHADA,99001,PUERTO CARREAO,99001000,PUERTO CARRENO,2020,1,2346886,785884,43208,Martes,24
86,PUTUMAYO,86573,PUERTO LEGUIZAMO,86573000,PUERTO LEGUIZAMO,2020,1,934496,3491125,214984,Martes,2357
76,VALLE DEL CAUCA,76109,BUENAVENTURA,76109028,PUERTO MERIZALDE,2020,1,43466,1388552,25414,Sabado,629
91,AMAZONAS,91540,PUERTO NARIAO,91540000,PUERTO NARIO,2020,1,103897,3630449,22704,Miercoles,24
19,CAUCA,19809,TIMBIQUI,19809023,PUERTO SAIJA,2020,1,30165,1063049,16808,Domingo,75
18,CAQUETA,18150,CARTAGENA DEL CHAIRA,18150001,REMOLINO DEL CAGUAN,2020,1,15966,754417,8713,Sabado,86
88,ARCHIPIELAGO DE SAN ANDRES,88001,SAN ANDRES,88001000,ARCHIPIELAGO DE SAN ANDRES,2020,1,16666323,4824581,2861927,Viernes,24
19,CAUCA,19418,LOPEZ MICAY,19418012,SAN ANTONIO DE CHUARE,2020,1,6552,186059,6074,Lunes,439
5,ANTIOQUIA,5873,VIGIA DEL FUERTE,5873001,SAN ANTONIO DE PADUA,2020,1,5617,13814,5366,Jueves,413
76,VALLE DEL CAUCA,76109,BUENAVENTURA,76109032,SAN FRANCISCO DE NAYA,2020,1,6560,211322,3658,Viernes,7
19,CAUCA,19809,TIMBIQUI,19809007,SAN JOSE,2020,1,6346,346051,4553,Sabado,546
13,BOLIVAR,13001,CARTAGENA,13001901,SANTA CRUZ DEL ISLOTE,2020,1,13187,45226,5018,Sabado,1223
19,CAUCA,19809,TIMBIQUI,19809008,SANTA MARIA,2020,1,12368,438245,752,Martes,636
19,CAUCA,19809,TIMBIQUI,19809009,SANTA ROSA DE SAIJA,2020,1,2410,67133,2431,Martes,41
99,VICHADA,99624,SANTA ROSALIA,99624000,SANTA ROSALIA,2020,1,130724,6853996,32352,Jueves,18
97,VAUPES,97666,TARAIRA,97666000,TARAIRA,2020,1,26536,93696,9724,Miercoles,1117
91,AMAZONAS,91798,TARAPACA,91798000,TARAPACA,2020,1,22864,92771,8896,Jueves,1019
5,ANTIOQUIA,5873,VIGIA DEL FUERTE,5873002,VEGAEZ VIGIA,2020,1,2217,53922,3907,Miercoles,317
5,ANTIOQUIA,5873,VIGIA DEL FUERTE,5873000,VIGAçA DEL FUERTE,2020,1,64137,2805827,32419,Jueves,811
19,CAUCA,19418,LOPEZ MICAY,19418019,ZARAGOZA LOPEZ,2020,1,5843,237528,5731,Martes,52
94,GUAINIA,94343,BARRANCO MINAS,94343000,BARRANCO MINAS,2020,2,35493,1229451,17193,Sabado,934
85,CASANARE,85430,TRINIDAD,85430001,BOCAS DEL PAUTO,2020,2,13909,729602,11027,Jueves,548
97,VAUPES,97161,CARURU,97161000,CARURA,2020,2,25277,929502,10472,Lunes,1214
99,VICHADA,99001,PUERTO CARREAO,99001002,CASUARITO,2020,2,13438,554673,12795,Lunes,59
19,CAUCA,19809,TIMBIQUI,19809014,CHACAN,2020,2,2019,3636,2664,Sabado,312
19,CAUCA,19809,TIMBIQUI,19809010,COMUNIDAD DE CHETE,2020,2,2489,69501,4003,Viernes,23
19,CAUCA,19809,TIMBIQUI,19809003,COTEJE,2020,2,4501,275413,3488,Sabado,512
99,VICHADA,99773,CUMARIBO,99773000,CUMARIBO,2020,2,268753,11380578,62436,Martes,1935
19,CAUCA,19418,LOPEZ MICAY,19418011,DOS QUEBRADAS,2020,2,6035,188888,4365,Martes,547
18,CAQUETA,18753,SAN VICENTE DEL CAGUAN,18753002,GUACAMAYAS,2020,2,12257,591742,4015,Sabado,181
94,GUAINIA,94001,INIRIDA,94001000,INARIDA,2020,2,1675109,5650337,319968,Lunes,2356
19,CAUCA,19418,LOPEZ MICAY,19418038,ISLA DE GALLO,2020,2,2834,90478,2634,Viernes,435
13,BOLIVAR,13001,CARTAGENA,13001007,ISLA FUERTE CARTAGENA,2020,2,15514,848581,11457,Domingo,537
13,BOLIVAR,13001,CARTAGENA,13001037,ISLA MACURA,2020,2,6477,289154,2554,Viernes,1049
99,VICHADA,99524,LA PRIMAVERA,99524000,LA PRIMAVERA,2020,2,357737,18178876,7406,Miercoles,24
91,AMAZONAS,91001,LETICIA,91001000,LETICIA,2020,2,3718227,1157331,734736,Miercoles,24
19,CAUCA,19809,TIMBIQUI,19809026,LOS BRAZOS,2020,2,7857,130084,523,Martes,62
50,META,50325,MAPIRIPAN,50325000,MAPIRIPAÅN,2020,2,135154,5444318,31152,Viernes,231
95,GUAVIARE,95200,MIRAFLORES,95200000,MIRAFLORES,2020,2,78132,280478,21208,Viernes,1828
97,VAUPES,97001,MITU,97001000,MITA,2020,2,1233505,37001856,259737,Viernes,2351
44,LA GUAJIRA,44847,URIBIA,44847012,NAZARETH URIBIA,2020,2,28110,1267035,22344,Martes,611
19,CAUCA,19418,LOPEZ MICAY,19418009,NOANAMITO LAPEZ,2020,2,3995,2058,44,Miercoles,525
47,MAGDALENA,47189,CIENAGA,47189018,PALMOR CIANAGA,2020,2,88621,3249917,18675,Domingo,2334
86,PUTUMAYO,86573,PUERTO LEGUIZAMO,86573009,PIAUAO NEGRO,2020,2,3342,1620,288,Sabado,547
88,ARCHIPIELAGO DE SAN ANDRES,88564,PROVIDENCIA,88564000,PROVIDENCIA,2020,2,938090,321284,161085,Martes,24
18,CAQUETA,18753,SAN VICENTE DEL CAGUAN,18753009,PUERTO BETANIA,2020,2,1604,63346,4072,Viernes,149
99,VICHADA,99001,PUERTO CARREAO,99001000,PUERTO CARRENO,2020,2,2436390,79127994,461472,Martes,24
86,PUTUMAYO,86573,PUERTO LEGUIZAMO,86573000,PUERTO LEGUIZAMO,2020,2,779919,28248887,199672,Martes,205
76,VALLE DEL CAUCA,76109,BUENAVENTURA,76109028,PUERTO MERIZALDE,2020,2,44375,141563,2647,Miercoles,649
91,AMAZONAS,91540,PUERTO NARIAO,91540000,PUERTO NARIO,2020,2,99758,3585828,22141,Martes,2358
19,CAUCA,19809,TIMBIQUI,19809023,PUERTO SAIJA,2020,2,25416,846023,17406,Viernes,558
18,CAQUETA,18150,CARTAGENA DEL CHAIRA,18150001,REMOLINO DEL CAGUAN,2020,2,15525,706249,9037,Sabado,81
88,ARCHIPIELAGO DE SAN ANDRES,88001,SAN ANDRES,88001000,ARCHIPIELAGO DE SAN ANDRES,2020,2,15684818,4533824,282176,Miercoles,24
19,CAUCA,19418,LOPEZ MICAY,19418012,SAN ANTONIO DE CHUARE,2020,2,6033,179019,615,Sabado,48
5,ANTIOQUIA,5873,VIGIA DEL FUERTE,5873001,SAN ANTONIO DE PADUA,2020,2,5609,144765,5293,Viernes,437
76,VALLE DEL CAUCA,76109,BUENAVENTURA,76109032,SAN FRANCISCO DE NAYA,2020,2,7245,37576,3715,Viernes,834
19,CAUCA,19809,TIMBIQUI,19809007,SAN JOSE,2020,2,1747,102835,4675,Jueves,139
13,BOLIVAR,13001,CARTAGENA,13001901,SANTA CRUZ DEL ISLOTE,2020,2,12675,437242,4506,Viernes,1326
19,CAUCA,19809,TIMBIQUI,19809008,SANTA MARIA,2020,2,2420,95494,7622,Miercoles,129
19,CAUCA,19809,TIMBIQUI,19809009,SANTA ROSA DE SAIJA,2020,2,1737,42421,2748,Jueves,229
99,VICHADA,99624,SANTA ROSALIA,99624000,SANTA ROSALIA,2020,2,125530,602388,35093,Martes,1551
97,VAUPES,97666,TARAIRA,97666000,TARAIRA,2020,2,19748,656333,10498,Martes,759
91,AMAZONAS,91798,TARAPACA,91798000,TARAPACA,2020,2,22870,892167,9062,Domingo,1024
5,ANTIOQUIA,5873,VIGIA DEL FUERTE,5873002,VEGAEZ VIGIA,2020,2,5178,71668,4314,Viernes,54
5,ANTIOQUIA,5873,VIGIA DEL FUERTE,5873000,VIGAçA DEL FUERTE,2020,2,93760,3936064,32349,Viernes,1149
19,CAUCA,19418,LOPEZ MICAY,19418019,ZARAGOZA LOPEZ,2020,2,7099,293001,5533,Domingo,559
94,GUAINIA,94343,BARRANCO MINAS,94343000,BARRANCO MINAS,2020,3,43377,1592762,17459,Miercoles,1052
85,CASANARE,85430,TRINIDAD,85430001,BOCAS DEL PAUTO,2020,3,13266,71871,10016,Martes,525
97,VAUPES,97161,CARURU,97161000,CARURA,2020,3,25773,92646,9786,Domingo,1214
99,VICHADA,99001,PUERTO CARREAO,99001002,CASUARITO,2020,3,24368,1282666,1283,Miercoles,848
19,CAUCA,19809,TIMBIQUI,19809014,CHACAN,2020,3,2806,45332,2853,Viernes,345
19,CAUCA,19809,TIMBIQUI,19809010,COMUNIDAD DE CHETE,2020,3,4940,146261,4042,Sabado,445
19,CAUCA,19809,TIMBIQUI,19809003,COTEJE,2020,3,4852,280394,338,Sabado,526
99,VICHADA,99773,CUMARIBO,99773000,CUMARIBO,2020,3,304957,12748428,66088,Viernes,2036
18,CAQUETA,18753,SAN VICENTE DEL CAGUAN,18753002,GUACAMAYAS,2020,3,12440,568611,4039,Sabado,187
94,GUAINIA,94001,INIRIDA,94001000,INARIDA,2020,3,1710924,57784738,310992,Miercoles,24
19,CAUCA,19418,LOPEZ MICAY,19418038,ISLA DE GALLO,2020,3,2942,98723,2614,Miercoles,434
13,BOLIVAR,13001,CARTAGENA,13001007,ISLA FUERTE CARTAGENA,2020,3,14733,812435,11282,Jueves,54
13,BOLIVAR,13001,CARTAGENA,13001037,ISLA MACURA,2020,3,6799,309337,2424,Jueves,1318
99,VICHADA,99524,LA PRIMAVERA,99524000,LA PRIMAVERA,2020,3,383711,1960266,75066,Martes,24
91,AMAZONAS,91001,LETICIA,91001000,LETICIA,2020,3,3839111,1211482,765286,Jueves,24
50,META,50325,MAPIRIPAN,50325000,MAPIRIPAÅN,2020,3,140126,5713851,29128,Miercoles,234
95,GUAVIARE,95200,MIRAFLORES,95200000,MIRAFLORES,2020,3,83195,2935031,20812,Miercoles,1844
97,VAUPES,97001,MITU,97001000,MITA,2020,3,1302115,38446976,2676,Miercoles,24
44,LA GUAJIRA,44847,URIBIA,44847012,NAZARETH URIBIA,2020,3,28515,1234915,22968,Lunes,547
47,MAGDALENA,47189,CIENAGA,47189018,PALMOR CIANAGA,2020,3,91439,3316531,1776,Martes,2336
86,PUTUMAYO,86573,PUERTO LEGUIZAMO,86573009,PIAUAO NEGRO,2020,3,3463,17272,256,Sabado,547
88,ARCHIPIELAGO DE SAN ANDRES,88564,PROVIDENCIA,88564000,PROVIDENCIA,2020,3,961008,333479,162105,Lunes,24
99,VICHADA,99001,PUERTO CARREAO,99001000,PUERTO CARRENO,2020,3,2628844,84112248,46024,Miercoles,24
86,PUTUMAYO,86573,PUERTO LEGUIZAMO,86573000,PUERTO LEGUIZAMO,2020,3,955709,31952144,180858,Martes,2358
76,VALLE DEL CAUCA,76109,BUENAVENTURA,76109028,PUERTO MERIZALDE,2020,3,49768,1716528,25819,Sabado,722
91,AMAZONAS,91540,PUERTO NARIAO,91540000,PUERTO NARIO,2020,3,106517,3776797,22229,Jueves,24
18,CAQUETA,18150,CARTAGENA DEL CHAIRA,18150001,REMOLINO DEL CAGUAN,2020,3,14852,683612,9162,Domingo,712
88,ARCHIPIELAGO DE SAN ANDRES,88001,SAN ANDRES,88001000,ARCHIPIELAGO DE SAN ANDRES,2020,3,14988116,4356763,2842396,Viernes,24
5,ANTIOQUIA,5873,VIGIA DEL FUERTE,5873001,SAN ANTONIO DE PADUA,2020,3,6090,171411,824,Jueves,457
76,VALLE DEL CAUCA,76109,BUENAVENTURA,76109032,SAN FRANCISCO DE NAYA,2020,3,7256,830548,3779,Domingo,719
19,CAUCA,19809,TIMBIQUI,19809007,SAN JOSE,2020,3,6597,406877,4445,Miercoles,548
13,BOLIVAR,13001,CARTAGENA,13001901,SANTA CRUZ DEL ISLOTE,2020,3,13572,480658,4384,Lunes,1335
19,CAUCA,19809,TIMBIQUI,19809008,SANTA MARIA,2020,3,5044,174408,759,Martes,235
99,VICHADA,99624,SANTA ROSALIA,99624000,SANTA ROSALIA,2020,3,152772,7659701,38414,Domingo,192
97,VAUPES,97666,TARAIRA,97666000,TARAIRA,2020,3,31036,101402,11669,Jueves,115
91,AMAZONAS,91798,TARAPACA,91798000,TARAPACA,2020,3,24212,938651,9279,Martes,1015
5,ANTIOQUIA,5873,VIGIA DEL FUERTE,5873002,VEGAEZ VIGIA,2020,3,4553,62929,6134,Jueves,57
5,ANTIOQUIA,5873,VIGIA DEL FUERTE,5873000,VIGAçA DEL FUERTE,2020,3,58679,2008151,32701,Jueves,78
19,CAUCA,19418,LOPEZ MICAY,19418019,ZARAGOZA LOPEZ,2020,3,8776,374362,5997,Domingo,7
94,GUAINIA,94343,BARRANCO MINAS,94343000,BARRANCO MINAS,2020,4,36593,1268007,15963,Sabado,1018
85,CASANARE,85430,TRINIDAD,85430001,BOCAS DEL PAUTO,2020,4,10384,58557,969,Viernes,442
97,VAUPES,97161,CARURU,97161000,CARURA,2020,4,21995,758804,9064,Jueves,1217
99,VICHADA,99001,PUERTO CARREAO,99001002,CASUARITO,2020,4,24497,1389054,12514,Lunes,824
19,CAUCA,19809,TIMBIQUI,19809014,CHACAN,2020,4,2489,42486,2734,Miercoles,35
19,CAUCA,19809,TIMBIQUI,19809010,COMUNIDAD DE CHETE,2020,4,5447,157112,4221,Viernes,56
19,CAUCA,19809,TIMBIQUI,19809003,COTEJE,2020,4,5830,32829,3448,Sabado,638
99,VICHADA,99773,CUMARIBO,99773000,CUMARIBO,2020,4,236561,10264166,550,Lunes,2029
18,CAQUETA,18753,SAN VICENTE DEL CAGUAN,18753002,GUACAMAYAS,2020,4,10927,455014,3641,Sabado,179
94,GUAINIA,94001,INIRIDA,94001000,INARIDA,2020,4,1470572,50466702,274032,Jueves,24
19,CAUCA,19418,LOPEZ MICAY,19418038,ISLA DE GALLO,2020,4,3156,105374,2573,Martes,57
13,BOLIVAR,13001,CARTAGENA,13001007,ISLA FUERTE CARTAGENA,2020,4,12009,665097,11881,Lunes,414
13,BOLIVAR,13001,CARTAGENA,13001037,ISLA MACURA,2020,4,7814,334229,2366,Miercoles,1447
99,VICHADA,99524,LA PRIMAVERA,99524000,LA PRIMAVERA,2020,4,320306,16391223,66282,Lunes,2351
91,AMAZONAS,91001,LETICIA,91001000,LETICIA,2020,4,3205010,1024790,600086,Martes,24
50,META,50325,MAPIRIPAN,50325000,MAPIRIPAÅN,2020,4,127291,5142841,26136,Jueves,2338
95,GUAVIARE,95200,MIRAFLORES,95200000,MIRAFLORES,2020,4,76385,267146,19272,Jueves,1842
97,VAUPES,97001,MITU,97001000,MITA,2020,4,1149093,34870751,259428,Martes,2359
44,LA GUAJIRA,44847,URIBIA,44847012,NAZARETH URIBIA,2020,4,27348,1138313,24312,Jueves,518
47,MAGDALENA,47189,CIENAGA,47189018,PALMOR CIANAGA,2020,4,81023,2800922,1696,Miercoles,234
86,PUTUMAYO,86573,PUERTO LEGUIZAMO,86573009,PIAUAO NEGRO,2020,4,2734,13112,224,Domingo,58
88,ARCHIPIELAGO DE SAN ANDRES,88564,PROVIDENCIA,88564000,PROVIDENCIA,2020,4,920985,316309,15215,Martes,24
18,CAQUETA,18753,SAN VICENTE DEL CAGUAN,18753009,PUERTO BETANIA,2020,4,3885,159671,3756,Domingo,425
99,VICHADA,99001,PUERTO CARREAO,99001000,PUERTO CARRENO,2020,4,2204032,71264314,417208,Lunes,2359
86,PUTUMAYO,86573,PUERTO LEGUIZAMO,86573000,PUERTO LEGUIZAMO,2020,4,833519,26729215,168001,Martes,24
76,VALLE DEL CAUCA,76109,BUENAVENTURA,76109028,PUERTO MERIZALDE,2020,4,42249,1292452,28794,Jueves,628
91,AMAZONAS,91540,PUERTO NARIAO,91540000,PUERTO NARIO,2020,4,93654,3282308,19906,Viernes,2357
19,CAUCA,19809,TIMBIQUI,19809023,PUERTO SAIJA,2020,4,20086,649471,15946,Sabado,447
18,CAQUETA,18150,CARTAGENA DEL CHAIRA,18150001,REMOLINO DEL CAGUAN,2020,4,12198,596816,7782,Sabado,642
88,ARCHIPIELAGO DE SAN ANDRES,88001,SAN ANDRES,88001000,ARCHIPIELAGO DE SAN ANDRES,2020,4,11374994,3352613,1875309,Sabado,24
5,ANTIOQUIA,5873,VIGIA DEL FUERTE,5873001,SAN ANTONIO DE PADUA,2020,4,5709,177639,4394,Sabado,529
76,VALLE DEL CAUCA,76109,BUENAVENTURA,76109032,SAN FRANCISCO DE NAYA,2020,4,5113,396004,3558,Sabado,557
19,CAUCA,19809,TIMBIQUI,19809007,SAN JOSE,2020,4,5811,345076,4613,Jueves,54
13,BOLIVAR,13001,CARTAGENA,13001901,SANTA CRUZ DEL ISLOTE,2020,4,10187,332112,4704,Jueves,912
19,CAUCA,19809,TIMBIQUI,19809008,SANTA MARIA,2020,4,9753,328358,7738,Miercoles,511
99,VICHADA,99624,SANTA ROSALIA,99624000,SANTA ROSALIA,2020,4,132805,695881,31733,Lunes,1959
97,VAUPES,97666,TARAIRA,97666000,TARAIRA,2020,4,21427,685555,12258,Jueves,757
91,AMAZONAS,91798,TARAPACA,91798000,TARAPACA,2020,4,21751,862744,873,Sabado,1015
5,ANTIOQUIA,5873,VIGIA DEL FUERTE,5873002,VEGAEZ VIGIA,2020,4,4612,58845,4509,Martes,458
5,ANTIOQUIA,5873,VIGIA DEL FUERTE,5873000,VIGAçA DEL FUERTE,2020,4,83515,3067126,30554,Viernes,1118
19,CAUCA,19418,LOPEZ MICAY,19418019,ZARAGOZA LOPEZ,2020,4,9102,38172,584,Sabado,729
94,GUAINIA,94343,BARRANCO MINAS,94343000,BARRANCO MINAS,2020,5,36573,1160937,144,Miercoles,104
85,CASANARE,85430,TRINIDAD,85430001,BOCAS DEL PAUTO,2020,5,13855,799285,9312,Sabado,627
97,VAUPES,97161,CARURU,97161000,CARURA,2020,5,19310,626505,733,Sabado,127
99,VICHADA,99001,PUERTO CARREAO,99001002,CASUARITO,2020,5,25270,1447728,1232,Martes,852
19,CAUCA,19809,TIMBIQUI,19809014,CHACAN,2020,5,3194,51129,2477,Lunes,458
19,CAUCA,19809,TIMBIQUI,19809010,COMUNIDAD DE CHETE,2020,5,6822,199305,4186,Miercoles,629
19,CAUCA,19809,TIMBIQUI,19809003,COTEJE,2020,5,6713,375559,3452,Viernes,718
99,VICHADA,99773,CUMARIBO,99773000,CUMARIBO,2020,5,238166,10361604,55616,Martes,2023
94,GUAINIA,94001,INIRIDA,94001000,INARIDA,2020,5,1420997,48807044,2706,Jueves,24
19,CAUCA,19418,LOPEZ MICAY,19418038,ISLA DE GALLO,2020,5,3648,119125,273,Miercoles,537
13,BOLIVAR,13001,CARTAGENA,13001007,ISLA FUERTE CARTAGENA,2020,5,12198,675656,12064,Martes,358
13,BOLIVAR,13001,CARTAGENA,13001037,ISLA MACURA,2020,5,7325,303169,2506,Lunes,1228
99,VICHADA,99524,LA PRIMAVERA,99524000,LA PRIMAVERA,2020,5,329807,1630792,67594,Martes,2329
91,AMAZONAS,91001,LETICIA,91001000,LETICIA,2020,5,3146244,1005565,582955,Lunes,24
19,CAUCA,19809,TIMBIQUI,19809026,LOS BRAZOS,2020,5,246,3665,1538,Domingo,36
50,META,50325,MAPIRIPAN,50325000,MAPIRIPAÅN,2020,5,134889,5545518,2618,Lunes,235
95,GUAVIARE,95200,MIRAFLORES,95200000,MIRAFLORES,2020,5,77588,26796,18612,Viernes,1857
97,VAUPES,97001,MITU,97001000,MITA,2020,5,1205135,36393307,265832,Martes,24
44,LA GUAJIRA,44847,URIBIA,44847012,NAZARETH URIBIA,2020,5,27489,1159257,24024,Martes,536
19,CAUCA,19418,LOPEZ MICAY,19418009,NOANAMITO LAPEZ,2020,5,2151,835,36,Domingo,39
47,MAGDALENA,47189,CIENAGA,47189018,PALMOR CIANAGA,2020,5,51375,1951501,15987,Sabado,1517
86,PUTUMAYO,86573,PUERTO LEGUIZAMO,86573009,PIAUAO NEGRO,2020,5,2729,13216,224,Domingo,57
88,ARCHIPIELAGO DE SAN ANDRES,88564,PROVIDENCIA,88564000,PROVIDENCIA,2020,5,989193,332232,158336,Martes,24
18,CAQUETA,18753,SAN VICENTE DEL CAGUAN,18753009,PUERTO BETANIA,2020,5,4388,176262,412,Sabado,456
99,VICHADA,99001,PUERTO CARREAO,99001000,PUERTO CARRENO,2020,5,2258153,74023268,427416,Martes,24
86,PUTUMAYO,86573,PUERTO LEGUIZAMO,86573000,PUERTO LEGUIZAMO,2020,5,39430,27197912,25978,Jueves,62
91,AMAZONAS,91540,PUERTO NARIAO,91540000,PUERTO NARIO,2020,5,87291,2994336,1973,Lunes,2359
19,CAUCA,19809,TIMBIQUI,19809023,PUERTO SAIJA,2020,5,26670,902462,18709,Miercoles,622
18,CAQUETA,18150,CARTAGENA DEL CHAIRA,18150001,REMOLINO DEL CAGUAN,2020,5,14773,747342,7474,Jueves,821
88,ARCHIPIELAGO DE SAN ANDRES,88001,SAN ANDRES,88001000,ARCHIPIELAGO DE SAN ANDRES,2020,5,12120172,3487078,2009152,Martes,24
19,CAUCA,19418,LOPEZ MICAY,19418012,SAN ANTONIO DE CHUARE,2020,5,5496,0,4224,Sabado,526
76,VALLE DEL CAUCA,76109,BUENAVENTURA,76109032,SAN FRANCISCO DE NAYA,2020,5,5744,343891,3206,Sabado,718
19,CAUCA,19809,TIMBIQUI,19809007,SAN JOSE,2020,5,6603,411652,4442,Miercoles,532
19,CAUCA,19809,TIMBIQUI,19809008,SANTA MARIA,2020,5,12512,455534,8006,Martes,629
97,VAUPES,97666,TARAIRA,97666000,TARAIRA,2020,5,25837,813936,10877,Viernes,94
91,AMAZONAS,91798,TARAPACA,91798000,TARAPACA,2020,5,21590,869906,8314,Viernes,1015
5,ANTIOQUIA,5873,VIGIA DEL FUERTE,5873002,VEGAEZ VIGIA,2020,5,6290,84626,5523,Lunes,627
5,ANTIOQUIA,5873,VIGIA DEL FUERTE,5873000,VIGAçA DEL FUERTE,2020,5,89878,3295934,30413,Lunes,1134
19,CAUCA,19418,LOPEZ MICAY,19418019,ZARAGOZA LOPEZ,2020,5,8990,38024,5539,Domingo,711
94,GUAINIA,94343,BARRANCO MINAS,94343000,BARRANCO MINAS,2020,6,37614,1358931,16062,Viernes,938
85,CASANARE,85430,TRINIDAD,85430001,BOCAS DEL PAUTO,2020,6,9236,52116,8742,Lunes,441
97,VAUPES,97161,CARURU,97161000,CARURA,2020,6,19281,59255,7392,Martes,129
99,VICHADA,99001,PUERTO CARREAO,99001002,CASUARITO,2020,6,22685,1333939,1107,Jueves,841
19,CAUCA,19809,TIMBIQUI,19809014,CHACAN,2020,6,3453,61488,2531,Jueves,529
19,CAUCA,19809,TIMBIQUI,19809010,COMUNIDAD DE CHETE,2020,6,6797,202856,4064,Domingo,78
19,CAUCA,19809,TIMBIQUI,19809003,COTEJE,2020,6,6029,34858,3316,Martes,659
99,VICHADA,99773,CUMARIBO,99773000,CUMARIBO,2020,6,227599,10066518,5192,Viernes,2024
18,CAQUETA,18753,SAN VICENTE DEL CAGUAN,18753002,GUACAMAYAS,2020,6,2236,84554,366,Sabado,336
94,GUAINIA,94001,INIRIDA,94001000,INARIDA,2020,6,1358799,46821126,260832,Miercoles,24
19,CAUCA,19418,LOPEZ MICAY,19418038,ISLA DE GALLO,2020,6,3463,119142,2496,Viernes,549
13,BOLIVAR,13001,CARTAGENA,13001007,ISLA FUERTE CARTAGENA,2020,6,12267,686292,12072,Martes,47
13,BOLIVAR,13001,CARTAGENA,13001037,ISLA MACURA,2020,6,7210,294941,2314,Domingo,1257
99,VICHADA,99524,LA PRIMAVERA,99524000,LA PRIMAVERA,2020,6,307214,15206248,63487,Miercoles,2344
91,AMAZONAS,91001,LETICIA,91001000,LETICIA,2020,6,3235370,1055422,603004,Miercoles,24
50,META,50325,MAPIRIPAN,50325000,MAPIRIPAÅN,2020,6,129916,542817,27104,Martes,2347
95,GUAVIARE,95200,MIRAFLORES,95200000,MIRAFLORES,2020,6,74017,2583163,19008,Lunes,1845
97,VAUPES,97001,MITU,97001000,MITA,2020,6,1162170,35291123,256784,Miercoles,2354
44,LA GUAJIRA,44847,URIBIA,44847012,NAZARETH URIBIA,2020,6,26493,1200573,21288,Martes,533
47,MAGDALENA,47189,CIENAGA,47189018,PALMOR CIANAGA,2020,6,67761,2990677,12922,Jueves,2252
86,PUTUMAYO,86573,PUERTO LEGUIZAMO,86573009,PIAUAO NEGRO,2020,6,2615,13288,256,Sabado,457
88,ARCHIPIELAGO DE SAN ANDRES,88564,PROVIDENCIA,88564000,PROVIDENCIA,2020,6,933652,309808,158537,Lunes,24
18,CAQUETA,18753,SAN VICENTE DEL CAGUAN,18753009,PUERTO BETANIA,2020,6,4664,194352,3896,Jueves,59
99,VICHADA,99001,PUERTO CARREAO,99001000,PUERTO CARRENO,2020,6,2093680,68459446,4004,Jueves,24
86,PUTUMAYO,86573,PUERTO LEGUIZAMO,86573000,PUERTO LEGUIZAMO,2020,6,838501,28622493,175718,Miercoles,2221
76,VALLE DEL CAUCA,76109,BUENAVENTURA,76109028,PUERTO MERIZALDE,2020,6,32761,1124024,25837,Viernes,453
91,AMAZONAS,91540,PUERTO NARIAO,91540000,PUERTO NARIO,2020,6,78493,2909711,17776,Martes,2354
19,CAUCA,19809,TIMBIQUI,19809023,PUERTO SAIJA,2020,6,27081,955332,16438,Lunes,635
18,CAQUETA,18150,CARTAGENA DEL CHAIRA,18150001,REMOLINO DEL CAGUAN,2020,6,13591,677792,7441,Sabado,747
88,ARCHIPIELAGO DE SAN ANDRES,88001,SAN ANDRES,88001000,ARCHIPIELAGO DE SAN ANDRES,2020,6,11390779,3232330,2065963,Lunes,24
76,VALLE DEL CAUCA,76109,BUENAVENTURA,76109032,SAN FRANCISCO DE NAYA,2020,6,5273,183482,2947,Lunes,79
19,CAUCA,19809,TIMBIQUI,19809007,SAN JOSE,2020,6,7795,471536,4572,Sabado,63
19,CAUCA,19809,TIMBIQUI,19809008,SANTA MARIA,2020,6,11476,426835,752,Viernes,618
97,VAUPES,97666,TARAIRA,97666000,TARAIRA,2020,6,26263,836198,11466,Viernes,945
91,AMAZONAS,91798,TARAPACA,91798000,TARAPACA,2020,6,21010,8908,8414,Miercoles,1015
5,ANTIOQUIA,5873,VIGIA DEL FUERTE,5873002,VEGAEZ VIGIA,2020,6,5923,72208,465,Jueves,635
19,CAUCA,19418,LOPEZ MICAY,19418019,ZARAGOZA LOPEZ,2020,6,7756,342681,4883,Domingo,659
94,GUAINIA,94343,BARRANCO MINAS,94343000,BARRANCO MINAS,2020,7,39122,1376847,16561,Martes,913
85,CASANARE,85430,TRINIDAD,85430001,BOCAS DEL PAUTO,2020,7,12341,718035,8819,Jueves,559
97,VAUPES,97161,CARURU,97161000,CARURA,2020,7,12288,351336,7242,Miercoles,88
99,VICHADA,99001,PUERTO CARREAO,99001002,CASUARITO,2020,7,21773,99004,1093,Miercoles,839
19,CAUCA,19809,TIMBIQUI,19809014,CHACAN,2020,7,3782,67711,2573,Lunes,542
19,CAUCA,19809,TIMBIQUI,19809010,COMUNIDAD DE CHETE,2020,7,5552,162923,4285,Viernes,522
19,CAUCA,19809,TIMBIQUI,19809003,COTEJE,2020,7,6571,386914,3288,Sabado,73
99,VICHADA,99773,CUMARIBO,99773000,CUMARIBO,2020,7,259183,11989706,52712,Jueves,2351
18,CAQUETA,18753,SAN VICENTE DEL CAGUAN,18753002,GUACAMAYAS,2020,7,11366,480792,3756,Sabado,1754
94,GUAINIA,94001,INIRIDA,94001000,INARIDA,2020,7,1406621,47331482,26224,Miercoles,24
19,CAUCA,19418,LOPEZ MICAY,19418038,ISLA DE GALLO,2020,7,3077,105897,2317,Sabado,59
13,BOLIVAR,13001,CARTAGENA,13001007,ISLA FUERTE CARTAGENA,2020,7,13415,728446,12321,Viernes,429
13,BOLIVAR,13001,CARTAGENA,13001037,ISLA MACURA,2020,7,7576,326303,2376,Lunes,1319
99,VICHADA,99524,LA PRIMAVERA,99524000,LA PRIMAVERA,2020,7,316447,15900907,63627,Martes,2359
91,AMAZONAS,91001,LETICIA,91001000,LETICIA,2020,7,3502607,1148895,627219,Martes,24
50,META,50325,MAPIRIPAN,50325000,MAPIRIPAÅN,2020,7,133594,5666452,29084,Miercoles,2346
97,VAUPES,97001,MITU,97001000,MITA,2020,7,1183647,36234304,250294,Viernes,24
44,LA GUAJIRA,44847,URIBIA,44847012,NAZARETH URIBIA,2020,7,33784,1433168,24816,Miercoles,76
47,MAGDALENA,47189,CIENAGA,47189018,PALMOR CIANAGA,2020,7,67986,2760146,13318,Viernes,2155
86,PUTUMAYO,86573,PUERTO LEGUIZAMO,86573009,PIAUAO NEGRO,2020,7,2726,14536,224,Martes,55
88,ARCHIPIELAGO DE SAN ANDRES,88564,PROVIDENCIA,88564000,PROVIDENCIA,2020,7,989810,329264,159884,Martes,24
18,CAQUETA,18753,SAN VICENTE DEL CAGUAN,18753009,PUERTO BETANIA,2020,7,4823,191165,4204,Sabado,51
99,VICHADA,99001,PUERTO CARREAO,99001000,PUERTO CARRENO,2020,7,2094037,69615172,391424,Jueves,24
86,PUTUMAYO,86573,PUERTO LEGUIZAMO,86573000,PUERTO LEGUIZAMO,2020,7,845329,29249143,171811,Miercoles,2354
76,VALLE DEL CAUCA,76109,BUENAVENTURA,76109028,PUERTO MERIZALDE,2020,7,44492,1902771,25379,Sabado,636
91,AMAZONAS,91540,PUERTO NARIAO,91540000,PUERTO NARIO,2020,7,92361,3498299,19008,Lunes,2356
19,CAUCA,19809,TIMBIQUI,19809023,PUERTO SAIJA,2020,7,17267,60078,15946,Viernes,45
18,CAQUETA,18150,CARTAGENA DEL CHAIRA,18150001,REMOLINO DEL CAGUAN,2020,7,15268,783445,7807,Sabado,81
88,ARCHIPIELAGO DE SAN ANDRES,88001,SAN ANDRES,88001000,ARCHIPIELAGO DE SAN ANDRES,2020,7,12057307,3425189,2032135,Viernes,24
5,ANTIOQUIA,5873,VIGIA DEL FUERTE,5873001,SAN ANTONIO DE PADUA,2020,7,4317,160663,3373,Sabado,53
76,VALLE DEL CAUCA,76109,BUENAVENTURA,76109032,SAN FRANCISCO DE NAYA,2020,7,5655,288186,3075,Lunes,737
19,CAUCA,19809,TIMBIQUI,19809007,SAN JOSE,2020,7,7591,451946,4577,Lunes,66
19,CAUCA,19809,TIMBIQUI,19809008,SANTA MARIA,2020,7,13196,490814,7654,Martes,79
99,VICHADA,99624,SANTA ROSALIA,99624000,SANTA ROSALIA,2020,7,114319,5760942,32736,Lunes,1549
97,VAUPES,97666,TARAIRA,97666000,TARAIRA,2020,7,26779,86266,11229,Martes,94
91,AMAZONAS,91798,TARAPACA,91798000,TARAPACA,2020,7,21229,926899,7965,Martes,1015
5,ANTIOQUIA,5873,VIGIA DEL FUERTE,5873002,VEGAEZ VIGIA,2020,7,5657,70748,4208,Domingo,625
5,ANTIOQUIA,5873,VIGIA DEL FUERTE,5873000,VIGAçA DEL FUERTE,2020,7,98335,3500209,27702,Jueves,1334
19,CAUCA,19418,LOPEZ MICAY,19418019,ZARAGOZA LOPEZ,2020,7,9159,400662,5325,Domingo,734
94,GUAINIA,94343,BARRANCO MINAS,94343000,BARRANCO MINAS,2020,8,37478,1333832,17592,Sabado,836
85,CASANARE,85430,TRINIDAD,85430001,BOCAS DEL PAUTO,2020,8,7889,44959,9523,Jueves,346
97,VAUPES,97161,CARURU,97161000,CARURA,2020,8,18904,566401,7489,Miercoles,1214
99,VICHADA,99001,PUERTO CARREAO,99001002,CASUARITO,2020,8,21540,813872,10754,Jueves,831
19,CAUCA,19809,TIMBIQUI,19809010,COMUNIDAD DE CHETE,2020,8,6453,187429,4342,Viernes,534
19,CAUCA,19809,TIMBIQUI,19809003,COTEJE,2020,8,6472,382819,3304,Domingo,724
99,VICHADA,99773,CUMARIBO,99773000,CUMARIBO,2020,8,264098,12170345,56232,Jueves,2339
18,CAQUETA,18753,SAN VICENTE DEL CAGUAN,18753002,GUACAMAYAS,2020,8,11818,47816,3742,Sabado,1756
94,GUAINIA,94001,INIRIDA,94001000,INARIDA,2020,8,1412048,4764683,275704,Miercoles,24
19,CAUCA,19418,LOPEZ MICAY,19418038,ISLA DE GALLO,2020,8,2760,101285,2461,Domingo,434
13,BOLIVAR,13001,CARTAGENA,13001007,ISLA FUERTE CARTAGENA,2020,8,13446,740223,11532,Jueves,439
13,BOLIVAR,13001,CARTAGENA,13001037,ISLA MACURA,2020,8,7358,314592,2352,Martes,1248
99,VICHADA,99524,LA PRIMAVERA,99524000,LA PRIMAVERA,2020,8,334401,16376927,65619,Miercoles,2356
91,AMAZONAS,91001,LETICIA,91001000,LETICIA,2020,8,3540189,1160515,717697,Jueves,24
19,CAUCA,19318,GUAPI,19318008,LIMONES GUAPI,2020,8,7673,190063,6496,Sabado,444
50,META,50325,MAPIRIPAN,50325000,MAPIRIPAÅN,2020,8,136320,5866179,26972,Sabado,2342
97,VAUPES,97001,MITU,97001000,MITA,2020,8,1178527,36282344,258086,Jueves,2359
44,LA GUAJIRA,44847,URIBIA,44847012,NAZARETH URIBIA,2020,8,43263,2105664,25248,Lunes,101
19,CAUCA,19418,LOPEZ MICAY,19418009,NOANAMITO LAPEZ,2020,8,7421,2657,4800,Jueves,827
47,MAGDALENA,47189,CIENAGA,47189018,PALMOR CIANAGA,2020,8,71968,2513075,13696,Viernes,237
86,PUTUMAYO,86573,PUERTO LEGUIZAMO,86573009,PIAUAO NEGRO,2020,8,2963,16704,224,Domingo,517
88,ARCHIPIELAGO DE SAN ANDRES,88564,PROVIDENCIA,88564000,PROVIDENCIA,2020,8,995872,326604,161472,Lunes,24
18,CAQUETA,18753,SAN VICENTE DEL CAGUAN,18753009,PUERTO BETANIA,2020,8,4832,191887,5056,Martes,512
99,VICHADA,99001,PUERTO CARREAO,99001000,PUERTO CARRENO,2020,8,2061499,68848296,399344,Jueves,24
86,PUTUMAYO,86573,PUERTO LEGUIZAMO,86573000,PUERTO LEGUIZAMO,2020,8,842324,28604825,169902,Miercoles,2353
76,VALLE DEL CAUCA,76109,BUENAVENTURA,76109028,PUERTO MERIZALDE,2020,8,52583,1994164,25238,Viernes,749
91,AMAZONAS,91540,PUERTO NARIAO,91540000,PUERTO NARIO,2020,8,98690,384769,20574,Domingo,2349
19,CAUCA,19809,TIMBIQUI,19809023,PUERTO SAIJA,2020,8,30048,100606,16579,Jueves,642
18,CAQUETA,18150,CARTAGENA DEL CHAIRA,18150001,REMOLINO DEL CAGUAN,2020,8,15847,799815,8123,Sabado,823
88,ARCHIPIELAGO DE SAN ANDRES,88001,SAN ANDRES,88001000,ARCHIPIELAGO DE SAN ANDRES,2020,8,11776848,3360582,1993187,Lunes,24
19,CAUCA,19418,LOPEZ MICAY,19418012,SAN ANTONIO DE CHUARE,2020,8,9538,29384,5386,Lunes,732
19,CAUCA,19318,GUAPI,19318013,SAN ANTONIO DE GUAJUI,2020,8,6968,43556,6008,Martes,422
5,ANTIOQUIA,5873,VIGIA DEL FUERTE,5873001,SAN ANTONIO DE PADUA,2020,8,3999,14559,3251,Jueves,454
76,VALLE DEL CAUCA,76109,BUENAVENTURA,76109032,SAN FRANCISCO DE NAYA,2020,8,6476,528497,3136,Sabado,811
19,CAUCA,19809,TIMBIQUI,19809007,SAN JOSE,2020,8,8643,667438,4812,Domingo,655
19,CAUCA,19809,TIMBIQUI,19809008,SANTA MARIA,2020,8,14731,565616,7366,Sabado,82
19,CAUCA,19809,TIMBIQUI,19809009,SANTA ROSA DE SAIJA,2020,8,0,0,0,Lunes,0
99,VICHADA,99624,SANTA ROSALIA,99624000,SANTA ROSALIA,2020,8,119355,6125372,32467,Jueves,1624
97,VAUPES,97666,TARAIRA,97666000,TARAIRA,2020,8,26801,881659,11924,Viernes,952
91,AMAZONAS,91798,TARAPACA,91798000,TARAPACA,2020,8,21748,935209,8281,Lunes,1015
5,ANTIOQUIA,5873,VIGIA DEL FUERTE,5873002,VEGAEZ VIGIA,2020,8,2993,50338,3942,Lunes,444
5,ANTIOQUIA,5873,VIGIA DEL FUERTE,5873000,VIGAçA DEL FUERTE,2020,8,92842,2319442,27738,Martes,1239
19,CAUCA,19418,LOPEZ MICAY,19418019,ZARAGOZA LOPEZ,2020,8,9409,416355,5386,Sabado,736
94,GUAINIA,94343,BARRANCO MINAS,94343000,BARRANCO MINAS,2020,9,39983,1398189,17609,Lunes,917
85,CASANARE,85430,TRINIDAD,85430001,BOCAS DEL PAUTO,2020,9,11065,607544,9523,Sabado,516
97,VAUPES,97161,CARURU,97161000,CARURA,2020,9,16853,440156,7181,Sabado,115
99,VICHADA,99001,PUERTO CARREAO,99001002,CASUARITO,2020,9,21534,806718,10366,Viernes,849
19,CAUCA,19809,TIMBIQUI,19809010,COMUNIDAD DE CHETE,2020,9,6256,185445,4285,Sabado,553
19,CAUCA,19809,TIMBIQUI,19809003,COTEJE,2020,9,7097,412571,3432,Sabado,821
99,VICHADA,99773,CUMARIBO,99773000,CUMARIBO,2020,9,281345,12568149,58916,Martes,2357
18,CAQUETA,18753,SAN VICENTE DEL CAGUAN,18753002,GUACAMAYAS,2020,9,11538,472127,3634,Viernes,182
94,GUAINIA,94001,INIRIDA,94001000,INARIDA,2020,9,1457995,4768885,288112,Martes,24
19,CAUCA,19418,LOPEZ MICAY,19418038,ISLA DE GALLO,2020,9,2702,9027,2483,Sabado,431
13,BOLIVAR,13001,CARTAGENA,13001007,ISLA FUERTE CARTAGENA,2020,9,14954,836467,12912,Domingo,513
13,BOLIVAR,13001,CARTAGENA,13001037,ISLA MACURA,2020,9,6292,250198,216,Viernes,1229
99,VICHADA,99524,LA PRIMAVERA,99524000,LA PRIMAVERA,2020,9,329378,15732053,65833,Lunes,2355
91,AMAZONAS,91001,LETICIA,91001000,LETICIA,2020,9,3731825,1199410,734907,Lunes,24
19,CAUCA,19318,GUAPI,19318008,LIMONES GUAPI,2020,9,8620,231599,6668,Sabado,59
50,META,50325,MAPIRIPAN,50325000,MAPIRIPAÅN,2020,9,137773,5898376,28864,Lunes,2341
97,VAUPES,97001,MITU,97001000,MITA,2020,9,1210636,3686326,261901,Viernes,24
44,LA GUAJIRA,44847,URIBIA,44847012,NAZARETH URIBIA,2020,9,36631,1845525,20544,Martes,858
19,CAUCA,19418,LOPEZ MICAY,19418009,NOANAMITO LAPEZ,2020,9,7165,2753,44,Lunes,827
47,MAGDALENA,47189,CIENAGA,47189018,PALMOR CIANAGA,2020,9,69113,2339931,13523,Martes,2214
86,PUTUMAYO,86573,PUERTO LEGUIZAMO,86573009,PIAUAO NEGRO,2020,9,3217,18624,256,Sabado,542
88,ARCHIPIELAGO DE SAN ANDRES,88564,PROVIDENCIA,88564000,PROVIDENCIA,2020,9,995867,326403,166166,Miercoles,24
18,CAQUETA,18753,SAN VICENTE DEL CAGUAN,18753009,PUERTO BETANIA,2020,9,5108,196171,416,Sabado,539
99,VICHADA,99001,PUERTO CARREAO,99001000,PUERTO CARRENO,2020,9,2085157,67741982,4026,Lunes,24
86,PUTUMAYO,86573,PUERTO LEGUIZAMO,86573000,PUERTO LEGUIZAMO,2020,9,854209,29667044,198088,Miercoles,232
76,VALLE DEL CAUCA,76109,BUENAVENTURA,76109028,PUERTO MERIZALDE,2020,9,51724,1836767,25731,Martes,748
91,AMAZONAS,91540,PUERTO NARIAO,91540000,PUERTO NARIO,2020,9,100247,3823345,2112,Jueves,2359
19,CAUCA,19809,TIMBIQUI,19809023,PUERTO SAIJA,2020,9,30537,1041682,16562,Martes,714
18,CAQUETA,18150,CARTAGENA DEL CHAIRA,18150001,REMOLINO DEL CAGUAN,2020,9,15711,784979,8613,Sabado,814
88,ARCHIPIELAGO DE SAN ANDRES,88001,SAN ANDRES,88001000,ARCHIPIELAGO DE SAN ANDRES,2020,9,11930242,3357883,215319,Martes,24
19,CAUCA,19418,LOPEZ MICAY,19418012,SAN ANTONIO DE CHUARE,2020,9,9249,29476,559,Lunes,721
19,CAUCA,19318,GUAPI,19318013,SAN ANTONIO DE GUAJUI,2020,9,7557,256975,603,Viernes,457
5,ANTIOQUIA,5873,VIGIA DEL FUERTE,5873001,SAN ANTONIO DE PADUA,2020,9,3516,130338,3091,Lunes,436
76,VALLE DEL CAUCA,76109,BUENAVENTURA,76109032,SAN FRANCISCO DE NAYA,2020,9,5809,215634,2806,Domingo,819
19,CAUCA,19809,TIMBIQUI,19809007,SAN JOSE,2020,9,9095,552164,439,Sabado,828
19,CAUCA,19809,TIMBIQUI,19809008,SANTA MARIA,2020,9,16093,627546,7098,Martes,92
19,CAUCA,19809,TIMBIQUI,19809009,SANTA ROSA DE SAIJA,2020,9,245,8395,27,Sabado,28
99,VICHADA,99624,SANTA ROSALIA,99624000,SANTA ROSALIA,2020,9,110554,5415126,36619,Viernes,1451
97,VAUPES,97666,TARAIRA,97666000,TARAIRA,2020,9,17890,578829,11634,Martes,638
91,AMAZONAS,91798,TARAPACA,91798000,TARAPACA,2020,9,22846,972398,8746,Viernes,1018
5,ANTIOQUIA,5873,VIGIA DEL FUERTE,5873002,VEGAEZ VIGIA,2020,9,5574,81401,4042,Martes,727
5,ANTIOQUIA,5873,VIGIA DEL FUERTE,5873000,VIGAçA DEL FUERTE,2020,9,97855,2344487,27034,Lunes,1344
19,CAUCA,19418,LOPEZ MICAY,19418019,ZARAGOZA LOPEZ,2020,9,10259,486721,5286,Sabado,98
94,GUAINIA,94343,BARRANCO MINAS,94343000,BARRANCO MINAS,2020,10,39073,1336658,18091,Lunes,912
19,CAUCA,19418,LOPEZ MICAY,19418024,BETANIA NAYA LAPEZ,2020,10,6932,2127,3104,Jueves,953
85,CASANARE,85430,TRINIDAD,85430001,BOCAS DEL PAUTO,2020,10,13318,751274,8992,Jueves,621
97,VAUPES,97161,CARURU,97161000,CARURA,2020,10,15372,365774,6723,Jueves,1031
99,VICHADA,99001,PUERTO CARREAO,99001002,CASUARITO,2020,10,22272,823834,1093,Jueves,843
19,CAUCA,19809,TIMBIQUI,19809014,CHACAN,2020,10,1752,31499,279,Viernes,24
19,CAUCA,19809,TIMBIQUI,19809010,COMUNIDAD DE CHETE,2020,10,4843,141545,4218,Martes,428
19,CAUCA,19809,TIMBIQUI,19809003,COTEJE,2020,10,6085,344928,3392,Sabado,645
99,VICHADA,99773,CUMARIBO,99773000,CUMARIBO,2020,10,301392,13122032,62568,Lunes,2359
19,CAUCA,19418,LOPEZ MICAY,19418011,DOS QUEBRADAS,2020,10,6622,228227,3648,Sabado,717
18,CAQUETA,18753,SAN VICENTE DEL CAGUAN,18753002,GUACAMAYAS,2020,10,12018,496205,3718,Sabado,1751
94,GUAINIA,94001,INIRIDA,94001000,INARIDA,2020,10,1561138,51062198,299024,Viernes,24
19,CAUCA,19418,LOPEZ MICAY,19418038,ISLA DE GALLO,2020,10,2940,96354,2512,Sabado,437
13,BOLIVAR,13001,CARTAGENA,13001007,ISLA FUERTE CARTAGENA,2020,10,15351,850846,11881,Viernes,512
99,VICHADA,99524,LA PRIMAVERA,99524000,LA PRIMAVERA,2020,10,344188,1620024,68531,Viernes,2353
19,CAUCA,19318,GUAPI,19318008,LIMONES GUAPI,2020,10,7396,20672,6662,Domingo,422
50,META,50325,MAPIRIPAN,50325000,MAPIRIPAÅN,2020,10,144999,6167436,29656,Viernes,2345
95,GUAVIARE,95200,MIRAFLORES,95200000,MIRAFLORES,2020,10,79345,2906805,19052,Lunes,191
97,VAUPES,97001,MITU,97001000,MITA,2020,10,1262978,38182034,268534,Jueves,24
44,LA GUAJIRA,44847,URIBIA,44847012,NAZARETH URIBIA,2020,10,29547,1356454,19104,Viernes,73
19,CAUCA,19418,LOPEZ MICAY,19418009,NOANAMITO LAPEZ,2020,10,6812,2533,3600,Lunes,834
47,MAGDALENA,47189,CIENAGA,47189018,PALMOR CIANAGA,2020,10,69954,2440774,13734,Miercoles,2132
86,PUTUMAYO,86573,PUERTO LEGUIZAMO,86573009,PIAUAO NEGRO,2020,10,3811,21576,288,Sabado,68
18,CAQUETA,18753,SAN VICENTE DEL CAGUAN,18753009,PUERTO BETANIA,2020,10,5015,187289,412,Domingo,518
99,VICHADA,99001,PUERTO CARREAO,99001000,PUERTO CARRENO,2020,10,2288356,73574952,437272,Viernes,24
76,VALLE DEL CAUCA,76109,BUENAVENTURA,76109028,PUERTO MERIZALDE,2020,10,46035,1641609,26858,Martes,638
91,AMAZONAS,91540,PUERTO NARIAO,91540000,PUERTO NARIO,2020,10,100853,377894,21314,Jueves,2359
19,CAUCA,19809,TIMBIQUI,19809023,PUERTO SAIJA,2020,10,30969,1051345,16667,Miercoles,77
18,CAQUETA,18150,CARTAGENA DEL CHAIRA,18150001,REMOLINO DEL CAGUAN,2020,10,15819,767968,8671,Sabado,87
19,CAUCA,19418,LOPEZ MICAY,19418012,SAN ANTONIO DE CHUARE,2020,10,9374,305082,5478,Jueves,723
19,CAUCA,19318,GUAPI,19318013,SAN ANTONIO DE GUAJUI,2020,10,9006,1820,6058,Sabado,546
5,ANTIOQUIA,5873,VIGIA DEL FUERTE,5873001,SAN ANTONIO DE PADUA,2020,10,3822,141228,3296,Martes,444
76,VALLE DEL CAUCA,76109,BUENAVENTURA,76109032,SAN FRANCISCO DE NAYA,2020,10,6099,226006,295,Martes,749
19,CAUCA,19809,TIMBIQUI,19809007,SAN JOSE,2020,10,9190,546076,4531,Miercoles,757
19,CAUCA,19809,TIMBIQUI,19809008,SANTA MARIA,2020,10,17565,688464,7776,Martes,939
99,VICHADA,99624,SANTA ROSALIA,99624000,SANTA ROSALIA,2020,10,127636,6304801,3492,Jueves,1616
97,VAUPES,97666,TARAIRA,97666000,TARAIRA,2020,10,29164,916212,11704,Jueves,1015
91,AMAZONAS,91798,TARAPACA,91798000,TARAPACA,2020,10,23135,993158,8979,Viernes,1017
5,ANTIOQUIA,5873,VIGIA DEL FUERTE,5873002,VEGAEZ VIGIA,2020,10,5788,74641,3501,Viernes,77
5,ANTIOQUIA,5873,VIGIA DEL FUERTE,5873000,VIGAçA DEL FUERTE,2020,10,81968,2001498,28829,Lunes,1046
19,CAUCA,19418,LOPEZ MICAY,19418019,ZARAGOZA LOPEZ,2020,10,12012,556215,6122,Sabado,949
94,GUAINIA,94343,BARRANCO MINAS,94343000,BARRANCO MINAS,2020,11,46450,1621187,1854,Jueves,1038
19,CAUCA,19418,LOPEZ MICAY,19418024,BETANIA NAYA LAPEZ,2020,11,6796,205441,3328,Jueves,1018
85,CASANARE,85430,TRINIDAD,85430001,BOCAS DEL PAUTO,2020,11,12953,760435,8794,Lunes,637
97,VAUPES,97161,CARURU,97161000,CARURA,2020,11,18190,470428,6723,Jueves,1235
99,VICHADA,99001,PUERTO CARREAO,99001002,CASUARITO,2020,11,22119,84073,10701,Martes,857
19,CAUCA,19809,TIMBIQUI,19809014,CHACAN,2020,11,4040,88754,2782,Jueves,553
19,CAUCA,19809,TIMBIQUI,19809010,COMUNIDAD DE CHETE,2020,11,6772,215678,409,Sabado,639
19,CAUCA,19809,TIMBIQUI,19809003,COTEJE,2020,11,6842,391292,338,Sabado,8
99,VICHADA,99773,CUMARIBO,99773000,CUMARIBO,2020,11,294589,1259335,62744,Lunes,2359
19,CAUCA,19418,LOPEZ MICAY,19418011,DOS QUEBRADAS,2020,11,6485,219864,3642,Jueves,73
18,CAQUETA,18753,SAN VICENTE DEL CAGUAN,18753002,GUACAMAYAS,2020,11,10900,455203,3468,Sabado,1648
94,GUAINIA,94001,INIRIDA,94001000,INARIDA,2020,11,1548928,50447562,304568,Jueves,24
19,CAUCA,19418,LOPEZ MICAY,19418038,ISLA DE GALLO,2020,11,2926,97303,2595,Jueves,433
13,BOLIVAR,13001,CARTAGENA,13001007,ISLA FUERTE CARTAGENA,2020,11,15058,794772,12039,Martes,512
91,AMAZONAS,91001,LETICIA,91001000,LETICIA,2020,11,2925,0,1994,Sabado,552
19,CAUCA,19318,GUAPI,19318008,LIMONES GUAPI,2020,11,10569,246007,7189,Lunes,78
50,META,50325,MAPIRIPAN,50325000,MAPIRIPAÅN,2020,11,147423,6179096,31636,Sabado,2349
95,GUAVIARE,95200,MIRAFLORES,95200000,MIRAFLORES,2020,11,80296,2832093,19492,Lunes,196
97,VAUPES,97001,MITU,97001000,MITA,2020,11,1147959,35087889,266124,Jueves,2223
44,LA GUAJIRA,44847,URIBIA,44847012,NAZARETH URIBIA,2020,11,24430,1095094,19992,Lunes,632
19,CAUCA,19418,LOPEZ MICAY,19418009,NOANAMITO LAPEZ,2020,11,6193,2268,3600,Lunes,827
47,MAGDALENA,47189,CIENAGA,47189018,PALMOR CIANAGA,2020,11,63620,2253739,13331,Lunes,1938
86,PUTUMAYO,86573,PUERTO LEGUIZAMO,86573009,PIAUAO NEGRO,2020,11,3718,20672,256,Domingo,638
18,CAQUETA,18753,SAN VICENTE DEL CAGUAN,18753009,PUERTO BETANIA,2020,11,5511,202294,4132,Sabado,66
99,VICHADA,99001,PUERTO CARREAO,99001000,PUERTO CARRENO,2020,11,1693639,59208842,419144,Martes,2348
76,VALLE DEL CAUCA,76109,BUENAVENTURA,76109028,PUERTO MERIZALDE,2020,11,45020,1491934,27333,Jueves,639
91,AMAZONAS,91540,PUERTO NARIAO,91540000,PUERTO NARIO,2020,11,97464,3636552,21894,Miercoles,2356
19,CAUCA,19809,TIMBIQUI,19809023,PUERTO SAIJA,2020,11,11866,408549,17019,Domingo,251
18,CAQUETA,18150,CARTAGENA DEL CHAIRA,18150001,REMOLINO DEL CAGUAN,2020,11,15853,756308,8355,Sabado,826
19,CAUCA,19418,LOPEZ MICAY,19418012,SAN ANTONIO DE CHUARE,2020,11,9302,298716,5405,Domingo,736
19,CAUCA,19318,GUAPI,19318013,SAN ANTONIO DE GUAJUI,2020,11,11806,3166,5759,Sabado,825
5,ANTIOQUIA,5873,VIGIA DEL FUERTE,5873001,SAN ANTONIO DE PADUA,2020,11,3412,13703,3142,Sabado,442
76,VALLE DEL CAUCA,76109,BUENAVENTURA,76109032,SAN FRANCISCO DE NAYA,2020,11,6129,225622,3021,Jueves,8
19,CAUCA,19809,TIMBIQUI,19809007,SAN JOSE,2020,11,6790,39081,4447,Martes,556
19,CAUCA,19809,TIMBIQUI,19809008,SANTA MARIA,2020,11,16222,64528,7494,Sabado,924
99,VICHADA,99624,SANTA ROSALIA,99624000,SANTA ROSALIA,2020,11,125334,612193,3457,Jueves,1638
97,VAUPES,97666,TARAIRA,97666000,TARAIRA,2020,11,28749,926882,12021,Miercoles,1015
91,AMAZONAS,91798,TARAPACA,91798000,TARAPACA,2020,11,22082,939757,8913,Martes,1017
5,ANTIOQUIA,5873,VIGIA DEL FUERTE,5873002,VEGAEZ VIGIA,2020,11,5709,78934,4675,Martes,743
5,ANTIOQUIA,5873,VIGIA DEL FUERTE,5873000,VIGAçA DEL FUERTE,2020,11,107921,3816032,29462,Sabado,1351
19,CAUCA,19418,LOPEZ MICAY,19418019,ZARAGOZA LOPEZ,2020,11,10859,511024,5446,Domingo,921
94,GUAINIA,94343,BARRANCO MINAS,94343000,BARRANCO MINAS,2020,12,46649,165966,17792,Miercoles,1041
85,CASANARE,85430,TRINIDAD,85430001,BOCAS DEL PAUTO,2020,12,13243,767291,12006,Sabado,622
97,VAUPES,97161,CARURU,97161000,CARURA,2020,12,19430,560606,7251,Lunes,1222
99,VICHADA,99001,PUERTO CARREAO,99001002,CASUARITO,2020,12,30719,1127372,10507,Viernes,1148
19,CAUCA,19809,TIMBIQUI,19809014,CHACAN,2020,12,4584,109184,2738,Jueves,659
19,CAUCA,19809,TIMBIQUI,19809003,COTEJE,2020,12,7629,434267,3236,Sabado,97
99,VICHADA,99773,CUMARIBO,99773000,CUMARIBO,2020,12,302059,13224134,60016,Miercoles,2351
19,CAUCA,19418,LOPEZ MICAY,19418011,DOS QUEBRADAS,2020,12,7196,245776,3597,Jueves,819
18,CAQUETA,18753,SAN VICENTE DEL CAGUAN,18753002,GUACAMAYAS,2020,12,13318,55646,4397,Jueves,1835
18,CAQUETA,18753,SAN VICENTE DEL CAGUAN,18753015,GUAYABAL,2020,12,6343,364767,3717,Jueves,73
94,GUAINIA,94001,INIRIDA,94001000,INARIDA,2020,12,1576160,52898032,294976,Jueves,24
19,CAUCA,19418,LOPEZ MICAY,19418038,ISLA DE GALLO,2020,12,4586,145627,2864,Jueves,641
13,BOLIVAR,13001,CARTAGENA,13001007,ISLA FUERTE CARTAGENA,2020,12,18180,949961,13369,Jueves,538
19,CAUCA,19418,LOPEZ MICAY,19418007,LA CONCHA,2020,12,3448,566,1752,Jueves,85
99,VICHADA,99524,LA PRIMAVERA,99524000,LA PRIMAVERA,2020,12,337755,15504739,70524,Lunes,24
91,AMAZONAS,91001,LETICIA,91001000,LETICIA,2020,12,373762,1187570,708312,Miercoles,24
19,CAUCA,19318,GUAPI,19318008,LIMONES GUAPI,2020,12,11455,280901,5437,Jueves,838
50,META,50325,MAPIRIPAN,50325000,MAPIRIPAÅN,2020,12,150460,6289943,29832,Viernes,2346
95,GUAVIARE,95200,MIRAFLORES,95200000,MIRAFLORES,2020,12,85279,3068736,19448,Lunes,1919
97,VAUPES,97001,MITU,97001000,MITA,2020,12,1269524,39051389,262878,Lunes,24
44,LA GUAJIRA,44847,URIBIA,44847012,NAZARETH URIBIA,2020,12,31022,1482778,20952,Martes,729
19,CAUCA,19418,LOPEZ MICAY,19418009,NOANAMITO LAPEZ,2020,12,7545,2498,40,Miercoles,758
47,MAGDALENA,47189,CIENAGA,47189018,PALMOR CIANAGA,2020,12,90408,3523862,19488,Domingo,232
86,PUTUMAYO,86573,PUERTO LEGUIZAMO,86573009,PIAUAO NEGRO,2020,12,4154,23864,288,Jueves,622
18,CAQUETA,18753,SAN VICENTE DEL CAGUAN,18753009,PUERTO BETANIA,2020,12,5697,220488,4156,Jueves,548
99,VICHADA,99001,PUERTO CARREAO,99001000,PUERTO CARRENO,2020,12,2416764,77707586,421608,Miercoles,24
86,PUTUMAYO,86573,PUERTO LEGUIZAMO,86573000,PUERTO LEGUIZAMO,2020,12,892529,31280353,189253,Lunes,2343
76,VALLE DEL CAUCA,76109,BUENAVENTURA,76109028,PUERTO MERIZALDE,2020,12,48844,1649278,28846,Domingo,715
91,AMAZONAS,91540,PUERTO NARIAO,91540000,PUERTO NARIO,2020,12,103055,3763012,21085,Jueves,2358
19,CAUCA,19809,TIMBIQUI,19809023,PUERTO SAIJA,2020,12,33577,1170255,16333,Jueves,75
18,CAQUETA,18150,CARTAGENA DEL CHAIRA,18150001,REMOLINO DEL CAGUAN,2020,12,16816,799948,8738,Jueves,817
19,CAUCA,19418,LOPEZ MICAY,19418012,SAN ANTONIO DE CHUARE,2020,12,10021,3301,6054,Jueves,742
19,CAUCA,19318,GUAPI,19318013,SAN ANTONIO DE GUAJUI,2020,12,12143,2952,6463,Miercoles,745
5,ANTIOQUIA,5873,VIGIA DEL FUERTE,5873001,SAN ANTONIO DE PADUA,2020,12,4556,172951,3475,Jueves,534
76,VALLE DEL CAUCA,76109,BUENAVENTURA,76109032,SAN FRANCISCO DE NAYA,2020,12,5242,266787,344,Jueves,614
19,CAUCA,19809,TIMBIQUI,19809007,SAN JOSE,2020,12,8763,512632,4447,Jueves,732
18,CAQUETA,18150,CARTAGENA DEL CHAIRA,18150002,SANTA FE DEL CAGUAN,2020,12,4298,239239,4296,Jueves,411
19,CAUCA,19809,TIMBIQUI,19809008,SANTA MARIA,2020,12,17433,683376,7853,Miercoles,941
99,VICHADA,99624,SANTA ROSALIA,99624000,SANTA ROSALIA,2020,12,134784,665049,32539,Miercoles,171
97,VAUPES,97666,TARAIRA,97666000,TARAIRA,2020,12,29185,963151,11537,Miercoles,1027
91,AMAZONAS,91798,TARAPACA,91798000,TARAPACA,2020,12,23543,987891,9312,Jueves,1022
5,ANTIOQUIA,5873,VIGIA DEL FUERTE,5873002,VEGAEZ VIGIA,2020,12,5286,54734,4694,Miercoles,647
5,ANTIOQUIA,5873,VIGIA DEL FUERTE,5873000,VIGAçA DEL FUERTE,2020,12,105787,3910113,29638,Lunes,131
19,CAUCA,19418,LOPEZ MICAY,19418019,ZARAGOZA LOPEZ,2020,12,11750,541821,5008,Jueves,941
94,GUAINIA,94343,BARRANCO MINAS,94343000,BARRANCO MINAS,2021,1,44355,1601666,18789,Viernes,957
85,CASANARE,85430,TRINIDAD,85430001,BOCAS DEL PAUTO,2021,1,13538,789245,11821,Viernes,627
97,VAUPES,97161,CARURU,97161000,CARURA,2021,1,17930,448675,6855,Sabado,128
99,VICHADA,99001,PUERTO CARREAO,99001002,CASUARITO,2021,1,30259,112537,10842,Martes,1143
19,CAUCA,19809,TIMBIQUI,19809014,CHACAN,2021,1,3467,66973,2907,Martes,512
19,CAUCA,19809,TIMBIQUI,19809010,COMUNIDAD DE CHETE,2021,1,3741,1187,3974,Miercoles,338
19,CAUCA,19809,TIMBIQUI,19809003,COTEJE,2021,1,5044,280738,3972,Miercoles,548
99,VICHADA,99773,CUMARIBO,99773000,CUMARIBO,2021,1,264538,11693022,6094,Miercoles,2024
18,CAQUETA,18753,SAN VICENTE DEL CAGUAN,18753002,GUACAMAYAS,2021,1,11816,509868,4258,Sabado,178
18,CAQUETA,18753,SAN VICENTE DEL CAGUAN,18753015,GUAYABAL,2021,1,6489,379733,3675,Sabado,721
94,GUAINIA,94001,INIRIDA,94001000,INARIDA,2021,1,1591355,53934914,304128,Lunes,24
19,CAUCA,19418,LOPEZ MICAY,19418038,ISLA DE GALLO,2021,1,4463,141258,2797,Martes,73
13,BOLIVAR,13001,CARTAGENA,13001007,ISLA FUERTE CARTAGENA,2021,1,18181,962326,13527,Viernes,532
19,CAUCA,19418,LOPEZ MICAY,19418007,LA CONCHA,2021,1,2638,440,1628,Sabado,649
99,VICHADA,99524,LA PRIMAVERA,99524000,LA PRIMAVERA,2021,1,345619,16978965,65871,Martes,24
91,AMAZONAS,91001,LETICIA,91001000,LETICIA,2021,1,3537404,1119184,666981,Lunes,24
19,CAUCA,19318,GUAPI,19318008,LIMONES GUAPI,2021,1,9676,265817,4783,Viernes,845
19,CAUCA,19809,TIMBIQUI,19809026,LOS BRAZOS,2021,1,8283,158629,4567,Sabado,651
50,META,50325,MAPIRIPAN,50325000,MAPIRIPAÅN,2021,1,143821,6194474,28336,Domingo,2344
95,GUAVIARE,95200,MIRAFLORES,95200000,MIRAFLORES,2021,1,77890,286858,187,Jueves,1915
97,VAUPES,97001,MITU,97001000,MITA,2021,1,1221131,38307095,253152,Martes,2359
44,LA GUAJIRA,44847,URIBIA,44847012,NAZARETH URIBIA,2021,1,27520,1233144,22128,Jueves,539
19,CAUCA,19418,LOPEZ MICAY,19418009,NOANAMITO LAPEZ,2021,1,7676,2490,36,Domingo,823
47,MAGDALENA,47189,CIENAGA,47189018,PALMOR CIANAGA,2021,1,102284,4081109,19667,Sabado,2313
86,PUTUMAYO,86573,PUERTO LEGUIZAMO,86573009,PIAUAO NEGRO,2021,1,3927,2368,288,Sabado,617
18,CAQUETA,18753,SAN VICENTE DEL CAGUAN,18753009,PUERTO BETANIA,2021,1,5280,207614,4088,Sabado,531
99,VICHADA,99001,PUERTO CARREAO,99001000,PUERTO CARRENO,2021,1,2297999,73903874,410432,Martes,24
76,VALLE DEL CAUCA,76109,BUENAVENTURA,76109028,PUERTO MERIZALDE,2021,1,47594,1718354,2779,Viernes,655
91,AMAZONAS,91540,PUERTO NARIAO,91540000,PUERTO NARIO,2021,1,101522,3639834,20117,Jueves,24
19,CAUCA,19809,TIMBIQUI,19809023,PUERTO SAIJA,2021,1,30699,1059942,16614,Domingo,78
18,CAQUETA,18150,CARTAGENA DEL CHAIRA,18150001,REMOLINO DEL CAGUAN,2021,1,17000,823628,8497,Sabado,835
19,CAUCA,19418,LOPEZ MICAY,19418012,SAN ANTONIO DE CHUARE,2021,1,7386,239174,6141,Lunes,519
19,CAUCA,19318,GUAPI,19318013,SAN ANTONIO DE GUAJUI,2021,1,13686,2348,5781,Viernes,941
5,ANTIOQUIA,5873,VIGIA DEL FUERTE,5873001,SAN ANTONIO DE PADUA,2021,1,3729,142704,3181,Sabado,438
94,GUAINIA,94343,BARRANCO MINAS,94343000,BARRANCO MINAS,2021,2,44781,160495,18906,Lunes,1023
85,CASANARE,85430,TRINIDAD,85430001,BOCAS DEL PAUTO,2021,2,11090,633491,9914,Jueves,537
97,VAUPES,97161,CARURU,97161000,CARURA,2021,2,17881,416181,7674,Lunes,122
99,VICHADA,99001,PUERTO CARREAO,99001002,CASUARITO,2021,2,27824,1002316,11282,Lunes,119
19,CAUCA,19809,TIMBIQUI,19809014,CHACAN,2021,2,3046,55487,2769,Lunes,533
19,CAUCA,19809,TIMBIQUI,19809010,COMUNIDAD DE CHETE,2021,2,5235,170154,3987,Miercoles,532
19,CAUCA,19809,TIMBIQUI,19809003,COTEJE,2021,2,6039,347233,316,Lunes,752
99,VICHADA,99773,CUMARIBO,99773000,CUMARIBO,2021,2,272336,11490831,64108,Lunes,2021
18,CAQUETA,18753,SAN VICENTE DEL CAGUAN,18753002,GUACAMAYAS,2021,2,11614,499182,3938,Sabado,1757
18,CAQUETA,18753,SAN VICENTE DEL CAGUAN,18753015,GUAYABAL,2021,2,5869,324702,38,Domingo,713
94,GUAINIA,94001,INIRIDA,94001000,INARIDA,2021,2,1601127,5313385,325688,Viernes,24
19,CAUCA,19418,LOPEZ MICAY,19418038,ISLA DE GALLO,2021,2,3447,118579,2678,Viernes,547
13,BOLIVAR,13001,CARTAGENA,13001007,ISLA FUERTE CARTAGENA,2021,2,29571,1582082,1435,Viernes,935
19,CAUCA,19418,LOPEZ MICAY,19418007,LA CONCHA,2021,2,2305,429,1384,Martes,717
99,VICHADA,99524,LA PRIMAVERA,99524000,LA PRIMAVERA,2021,2,330690,14945533,71586,Lunes,2357
91,AMAZONAS,91001,LETICIA,91001000,LETICIA,2021,2,3172477,978658,66091,Lunes,24
19,CAUCA,19318,GUAPI,19318008,LIMONES GUAPI,2021,2,6659,230776,7278,Viernes,75
19,CAUCA,19809,TIMBIQUI,19809026,LOS BRAZOS,2021,2,7800,147733,4615,Viernes,658
50,META,50325,MAPIRIPAN,50325000,MAPIRIPAÅN,2021,2,140160,5941133,31108,Miercoles,2336
95,GUAVIARE,95200,MIRAFLORES,95200000,MIRAFLORES,2021,2,74114,268961,19316,Miercoles,1919
97,VAUPES,97001,MITU,97001000,MITA,2021,2,1206776,36105527,278536,Miercoles,2357
44,LA GUAJIRA,44847,URIBIA,44847012,NAZARETH URIBIA,2021,2,23115,959013,23592,Lunes,52
19,CAUCA,19418,LOPEZ MICAY,19418009,NOANAMITO LAPEZ,2021,2,7259,2239,40,Domingo,816
47,MAGDALENA,47189,CIENAGA,47189018,PALMOR CIANAGA,2021,2,85800,3236952,18445,Martes,2243
86,PUTUMAYO,86573,PUERTO LEGUIZAMO,86573009,PIAUAO NEGRO,2021,2,3993,24712,288,Domingo,658
18,CAQUETA,18753,SAN VICENTE DEL CAGUAN,18753009,PUERTO BETANIA,2021,2,4956,198855,4512,Sabado,535
99,VICHADA,99001,PUERTO CARREAO,99001000,PUERTO CARRENO,2021,2,2302204,71659104,442376,Miercoles,24
86,PUTUMAYO,86573,PUERTO LEGUIZAMO,86573000,PUERTO LEGUIZAMO,2021,2,760599,24085588,160178,Miercoles,24
76,VALLE DEL CAUCA,76109,BUENAVENTURA,76109028,PUERTO MERIZALDE,2021,2,33130,1198934,27861,Jueves,525
91,AMAZONAS,91540,PUERTO NARIAO,91540000,PUERTO NARIO,2021,2,91382,3166654,20152,Miercoles,2358
19,CAUCA,19809,TIMBIQUI,19809023,PUERTO SAIJA,2021,2,28890,991399,18638,Viernes,633
18,CAQUETA,18150,CARTAGENA DEL CHAIRA,18150001,REMOLINO DEL CAGUAN,2021,2,14088,669666,8605,Sabado,88
19,CAUCA,19418,LOPEZ MICAY,19418012,SAN ANTONIO DE CHUARE,2021,2,5532,178763,617,Sabado,41
19,CAUCA,19318,GUAPI,19318013,SAN ANTONIO DE GUAJUI,2021,2,11318,2208,5177,Miercoles,921
5,ANTIOQUIA,5873,VIGIA DEL FUERTE,5873001,SAN ANTONIO DE PADUA,2021,2,4452,166315,3434,Viernes,542
76,VALLE DEL CAUCA,76109,BUENAVENTURA,76109032,SAN FRANCISCO DE NAYA,2021,2,4910,234912,3229,Jueves,719
19,CAUCA,19809,TIMBIQUI,19809007,SAN JOSE,2021,2,6728,417927,4363,Lunes,619
13,BOLIVAR,13001,CARTAGENA,13001901,SANTA CRUZ DEL ISLOTE,2021,2,15750,302181,449,Jueves,1729
19,CAUCA,19809,TIMBIQUI,19809008,SANTA MARIA,2021,2,14810,620416,7366,Martes,913
99,VICHADA,99624,SANTA ROSALIA,99624000,SANTA ROSALIA,2021,2,121585,5869732,33562,Domingo,1631
97,VAUPES,97666,TARAIRA,97666000,TARAIRA,2021,2,15608,481752,10842,Jueves,623
91,AMAZONAS,91798,TARAPACA,91798000,TARAPACA,2021,2,19676,885607,8048,Martes,1017
5,ANTIOQUIA,5873,VIGIA DEL FUERTE,5873002,VEGAEZ VIGIA,2021,2,4809,57785,4448,Miercoles,657
5,ANTIOQUIA,5873,VIGIA DEL FUERTE,5873000,VIGAçA DEL FUERTE,2021,2,103190,4145627,29885,Lunes,1414
19,CAUCA,19418,LOPEZ MICAY,19418019,ZARAGOZA LOPEZ,2021,2,10881,511704,4803,Viernes,957
94,GUAINIA,94343,BARRANCO MINAS,94343000,BARRANCO MINAS,2021,3,52973,1916171,18922,Sabado,1145
85,CASANARE,85430,TRINIDAD,85430001,BOCAS DEL PAUTO,2021,3,12839,743786,9005,Jueves,62
97,VAUPES,97161,CARURU,97161000,CARURA,2021,3,19606,503851,7445,Martes,1219
99,VICHADA,99001,PUERTO CARREAO,99001002,CASUARITO,2021,3,30702,110788,10419,Miercoles,115
19,CAUCA,19809,TIMBIQUI,19809014,CHACAN,2021,3,382,75182,3226,Domingo,61
19,CAUCA,19809,TIMBIQUI,19809010,COMUNIDAD DE CHETE,2021,3,5795,192686,3946,Miercoles,543
19,CAUCA,19809,TIMBIQUI,19809003,COTEJE,2021,3,7011,391587,3484,Martes,755
99,VICHADA,99773,CUMARIBO,99773000,CUMARIBO,2021,3,308352,1361671,6402,Jueves,2338
18,CAQUETA,18753,SAN VICENTE DEL CAGUAN,18753002,GUACAMAYAS,2021,3,12504,500157,3874,Sabado,1822
18,CAQUETA,18753,SAN VICENTE DEL CAGUAN,18753015,GUAYABAL,2021,3,6425,343635,3742,Domingo,77
94,GUAINIA,94001,INIRIDA,94001000,INARIDA,2021,3,1657553,56324466,31108,Martes,2354
19,CAUCA,19418,LOPEZ MICAY,19418038,ISLA DE GALLO,2021,3,3916,135623,2634,Martes,559
13,BOLIVAR,13001,CARTAGENA,13001007,ISLA FUERTE CARTAGENA,2021,3,21916,1176723,16844,Miercoles,636
99,VICHADA,99524,LA PRIMAVERA,99524000,LA PRIMAVERA,2021,3,363668,16886192,78756,Jueves,2312
91,AMAZONAS,91001,LETICIA,91001000,LETICIA,2021,3,3461136,1073549,628187,Lunes,0
19,CAUCA,19318,GUAPI,19318008,LIMONES GUAPI,2021,3,8836,168589,3813,Lunes,931
19,CAUCA,19809,TIMBIQUI,19809026,LOS BRAZOS,2021,3,9598,179795,4829,Miercoles,729
50,META,50325,MAPIRIPAN,50325000,MAPIRIPAÅN,2021,3,152534,6349607,31328,Viernes,2348
95,GUAVIARE,95200,MIRAFLORES,95200000,MIRAFLORES,2021,3,82981,3003022,198,Jueves,1914
97,VAUPES,97001,MITU,97001000,MITA,2021,3,1270436,38221984,271727,Lunes,24
44,LA GUAJIRA,44847,URIBIA,44847012,NAZARETH URIBIA,2021,3,3136,1639077,22392,Martes,647
19,CAUCA,19418,LOPEZ MICAY,19418009,NOANAMITO LAPEZ,2021,3,8108,2579,36,Miercoles,827
47,MAGDALENA,47189,CIENAGA,47189018,PALMOR CIANAGA,2021,3,92616,3263184,16486,Miercoles,2337
86,PUTUMAYO,86573,PUERTO LEGUIZAMO,86573009,PIAUAO NEGRO,2021,3,4475,25096,288,Sabado,72
18,CAQUETA,18753,SAN VICENTE DEL CAGUAN,18753009,PUERTO BETANIA,2021,3,5384,214312,4424,Sabado,52
99,VICHADA,99001,PUERTO CARREAO,99001000,PUERTO CARRENO,2021,3,2573686,81189372,450648,Lunes,24
76,VALLE DEL CAUCA,76109,BUENAVENTURA,76109028,PUERTO MERIZALDE,2021,3,5612,2123484,29498,Miercoles,738
91,AMAZONAS,91540,PUERTO NARIAO,91540000,PUERTO NARIO,2021,3,10325,3633621,19958,Martes,24
19,CAUCA,19809,TIMBIQUI,19809023,PUERTO SAIJA,2021,3,29928,1030555,19624,Jueves,627
18,CAQUETA,18150,CARTAGENA DEL CHAIRA,18150001,REMOLINO DEL CAGUAN,2021,3,15434,737839,8039,Sabado,811
19,CAUCA,19418,LOPEZ MICAY,19418012,SAN ANTONIO DE CHUARE,2021,3,7596,256873,6048,Viernes,514
19,CAUCA,19318,GUAPI,19318013,SAN ANTONIO DE GUAJUI,2021,3,12101,2962,5304,Martes,915
5,ANTIOQUIA,5873,VIGIA DEL FUERTE,5873001,SAN ANTONIO DE PADUA,2021,3,5629,197316,3744,Sabado,61
76,VALLE DEL CAUCA,76109,BUENAVENTURA,76109032,SAN FRANCISCO DE NAYA,2021,3,6065,259673,2816,Sabado,827
19,CAUCA,19809,TIMBIQUI,19809007,SAN JOSE,2021,3,8306,525981,4558,Miercoles,723
13,BOLIVAR,13001,CARTAGENA,13001901,SANTA CRUZ DEL ISLOTE,2021,3,16798,585722,5018,Martes,164
19,CAUCA,19809,TIMBIQUI,19809008,SANTA MARIA,2021,3,16936,693195,7795,Miercoles,921
99,VICHADA,99624,SANTA ROSALIA,99624000,SANTA ROSALIA,2021,3,132848,6627365,34171,Jueves,1619
91,AMAZONAS,91798,TARAPACA,91798000,TARAPACA,2021,3,20806,903125,7582,Lunes,1016
5,ANTIOQUIA,5873,VIGIA DEL FUERTE,5873002,VEGAEZ VIGIA,2021,3,5046,56137,409,Miercoles,7
5,ANTIOQUIA,5873,VIGIA DEL FUERTE,5873000,VIGAçA DEL FUERTE,2021,3,102734,4444572,31082,Viernes,1236
19,CAUCA,19418,LOPEZ MICAY,19418019,ZARAGOZA LOPEZ,2021,3,12571,592853,6422,Martes,945
94,GUAINIA,94343,BARRANCO MINAS,94343000,BARRANCO MINAS,2021,4,57209,2004085,18872,Jueves,133
19,CAUCA,19418,LOPEZ MICAY,19418024,BETANIA NAYA LAPEZ,2021,4,6286,211868,2864,Lunes,85
19,CAUCA,19418,LOPEZ MICAY,19418033,BOCA GRANDE,2021,4,4639,1015,3328,Jueves,539
85,CASANARE,85430,TRINIDAD,85430001,BOCAS DEL PAUTO,2021,4,3573,211538,864,Viernes,144
97,VAUPES,97161,CARURU,97161000,CARURA,2021,4,20059,533905,7999,Jueves,1237
99,VICHADA,99001,PUERTO CARREAO,99001002,CASUARITO,2021,4,28829,1067484,11106,Jueves,113
19,CAUCA,19809,TIMBIQUI,19809014,CHACAN,2021,4,4119,98673,2808,Viernes,621
19,CAUCA,19809,TIMBIQUI,19809010,COMUNIDAD DE CHETE,2021,4,6299,219898,3722,Sabado,651
19,CAUCA,19809,TIMBIQUI,19809003,COTEJE,2021,4,7360,412463,35,Jueves,831
99,VICHADA,99773,CUMARIBO,99773000,CUMARIBO,2021,4,303736,13394601,68728,Viernes,2357
18,CAQUETA,18753,SAN VICENTE DEL CAGUAN,18753002,GUACAMAYAS,2021,4,11863,501677,4106,Viernes,1732
18,CAQUETA,18753,SAN VICENTE DEL CAGUAN,18753015,GUAYABAL,2021,4,5789,301946,368,Sabado,654
94,GUAINIA,94001,INIRIDA,94001000,INARIDA,2021,4,1551312,52198872,321816,Jueves,2357
19,CAUCA,19418,LOPEZ MICAY,19418038,ISLA DE GALLO,2021,4,4112,148229,2618,Sabado,642
13,BOLIVAR,13001,CARTAGENA,13001007,ISLA FUERTE CARTAGENA,2021,4,17858,951788,17726,Sabado,527
13,BOLIVAR,13001,CARTAGENA,13001037,ISLA MACURA,2021,4,6886,279423,2032,Viernes,153
99,VICHADA,99524,LA PRIMAVERA,99524000,LA PRIMAVERA,2021,4,335720,15656067,68936,Viernes,2322
91,AMAZONAS,91001,LETICIA,91001000,LETICIA,2021,4,3367001,1036987,668489,Jueves,0
19,CAUCA,19318,GUAPI,19318008,LIMONES GUAPI,2021,4,8156,321312,3708,Jueves,919
19,CAUCA,19809,TIMBIQUI,19809026,LOS BRAZOS,2021,4,8793,160846,492,Sabado,714
50,META,50325,MAPIRIPAN,50325000,MAPIRIPAÅN,2021,4,149555,6192098,32252,Viernes,2347
95,GUAVIARE,95200,MIRAFLORES,95200000,MIRAFLORES,2021,4,78950,2818871,18656,Miercoles,1915
97,VAUPES,97001,MITU,97001000,MITA,2021,4,927609,2806568,259039,Miercoles,2248
44,LA GUAJIRA,44847,URIBIA,44847012,NAZARETH URIBIA,2021,4,35845,1775455,23208,Lunes,756
19,CAUCA,19418,LOPEZ MICAY,19418009,NOANAMITO LAPEZ,2021,4,7568,2427,40,Viernes,81
47,MAGDALENA,47189,CIENAGA,47189018,PALMOR CIANAGA,2021,4,77550,2768002,16403,Jueves,2232
86,PUTUMAYO,86573,PUERTO LEGUIZAMO,86573009,PIAUAO NEGRO,2021,4,4159,2224,288,Sabado,657
18,CAQUETA,18753,SAN VICENTE DEL CAGUAN,18753009,PUERTO BETANIA,2021,4,5149,202154,4552,Sabado,526
99,VICHADA,99001,PUERTO CARREAO,99001000,PUERTO CARRENO,2021,4,2401457,79493414,468512,Viernes,24
86,PUTUMAYO,86573,PUERTO LEGUIZAMO,86573000,PUERTO LEGUIZAMO,2021,4,733233,24125225,152583,Jueves,235
76,VALLE DEL CAUCA,76109,BUENAVENTURA,76109028,PUERTO MERIZALDE,2021,4,30937,1060136,28512,Viernes,439
91,AMAZONAS,91540,PUERTO NARIAO,91540000,PUERTO NARIO,2021,4,103983,3671021,21613,Lunes,24
19,CAUCA,19809,TIMBIQUI,19809023,PUERTO SAIJA,2021,4,27027,925346,18005,Jueves,68
18,CAQUETA,18150,CARTAGENA DEL CHAIRA,18150001,REMOLINO DEL CAGUAN,2021,4,15248,714132,8297,Sabado,813
19,CAUCA,19318,GUAPI,19318013,SAN ANTONIO DE GUAJUI,2021,4,11498,3048,4933,Sabado,935
76,VALLE DEL CAUCA,76109,BUENAVENTURA,76109032,SAN FRANCISCO DE NAYA,2021,4,5733,276904,288,Lunes,816
19,CAUCA,19418,LOPEZ MICAY,19418015,SAN ISIDRO LAPEZ,2021,4,915,326,634,Martes,66
19,CAUCA,19809,TIMBIQUI,19809007,SAN JOSE,2021,4,8109,511432,4534,Sabado,721
13,BOLIVAR,13001,CARTAGENA,13001901,SANTA CRUZ DEL ISLOTE,2021,4,13114,45184,4976,Viernes,1052
19,CAUCA,19809,TIMBIQUI,19809008,SANTA MARIA,2021,4,15984,652725,7738,Jueves,912
99,VICHADA,99624,SANTA ROSALIA,99624000,SANTA ROSALIA,2021,4,128741,4113716,36614,Sabado,1612
97,VAUPES,97666,TARAIRA,97666000,TARAIRA,2021,4,28140,876313,10551,Viernes,1117
91,AMAZONAS,91798,TARAPACA,91798000,TARAPACA,2021,4,22200,1020483,8464,Lunes,1017
5,ANTIOQUIA,5873,VIGIA DEL FUERTE,5873002,VEGAEZ VIGIA,2021,4,3320,16091,3549,Sabado,439
5,ANTIOQUIA,5873,VIGIA DEL FUERTE,5873000,VIGAçA DEL FUERTE,2021,4,93016,3817757,31398,Miercoles,1143
19,CAUCA,19418,LOPEZ MICAY,19418019,ZARAGOZA LOPEZ,2021,4,13407,58277,705,Sabado,932
94,GUAINIA,94343,BARRANCO MINAS,94343000,BARRANCO MINAS,2021,5,51807,1599268,16412,Viernes,1337
19,CAUCA,19418,LOPEZ MICAY,19418024,BETANIA NAYA LAPEZ,2021,5,6403,219747,2968,Lunes,847
19,CAUCA,19418,LOPEZ MICAY,19418033,BOCA GRANDE,2021,5,4509,98315,3056,Viernes,543
85,CASANARE,85430,TRINIDAD,85430001,BOCAS DEL PAUTO,2021,5,9060,52728,9056,Sabado,411
97,VAUPES,97161,CARURU,97161000,CARURA,2021,5,20423,526838,8677,Miercoles,1141
99,VICHADA,99001,PUERTO CARREAO,99001002,CASUARITO,2021,5,23418,849834,10982,Sabado,91
19,CAUCA,19809,TIMBIQUI,19809014,CHACAN,2021,5,4445,12979,3414,Sabado,624
19,CAUCA,19809,TIMBIQUI,19809010,COMUNIDAD DE CHETE,2021,5,4190,147127,3677,Viernes,427
19,CAUCA,19809,TIMBIQUI,19809003,COTEJE,2021,5,6930,404289,34,Jueves,745
99,VICHADA,99773,CUMARIBO,99773000,CUMARIBO,2021,5,299048,13019171,638,Viernes,2352
18,CAQUETA,18753,SAN VICENTE DEL CAGUAN,18753002,GUACAMAYAS,2021,5,9170,344848,3761,Domingo,1622
18,CAQUETA,18753,SAN VICENTE DEL CAGUAN,18753015,GUAYABAL,2021,5,5112,262659,3656,Domingo,551
94,GUAINIA,94001,INIRIDA,94001000,INARIDA,2021,5,1587220,52849786,299992,Viernes,24
19,CAUCA,19418,LOPEZ MICAY,19418038,ISLA DE GALLO,2021,5,4218,171462,2541,Viernes,71
13,BOLIVAR,13001,CARTAGENA,13001007,ISLA FUERTE CARTAGENA,2021,5,15612,837631,1425,Domingo,434
13,BOLIVAR,13001,CARTAGENA,13001037,ISLA MACURA,2021,5,6065,249996,2147,Viernes,1458
99,VICHADA,99524,LA PRIMAVERA,99524000,LA PRIMAVERA,2021,5,346303,16098248,68058,Miercoles,2347
91,AMAZONAS,91001,LETICIA,91001000,LETICIA,2021,5,3349573,1068525,664257,Viernes,24
19,CAUCA,19318,GUAPI,19318008,LIMONES GUAPI,2021,5,8690,352671,3614,Lunes,945
19,CAUCA,19809,TIMBIQUI,19809026,LOS BRAZOS,2021,5,4910,80502,4562,Jueves,46
50,META,50325,MAPIRIPAN,50325000,MAPIRIPAÅN,2021,5,146793,5897386,308,Jueves,2337
95,GUAVIARE,95200,MIRAFLORES,95200000,MIRAFLORES,2021,5,74794,2556378,18568,Jueves,184
97,VAUPES,97001,MITU,97001000,MITA,2021,5,1257930,37551511,267438,Miercoles,24
19,CAUCA,19418,LOPEZ MICAY,19418009,NOANAMITO LAPEZ,2021,5,4597,1396,40,Martes,452
47,MAGDALENA,47189,CIENAGA,47189018,PALMOR CIANAGA,2021,5,92113,332924,18163,Sabado,232
86,PUTUMAYO,86573,PUERTO LEGUIZAMO,86573009,PIAUAO NEGRO,2021,5,4428,23944,288,Domingo,715
18,CAQUETA,18753,SAN VICENTE DEL CAGUAN,18753009,PUERTO BETANIA,2021,5,4216,158165,4308,Jueves,4
99,VICHADA,99001,PUERTO CARREAO,99001000,PUERTO CARRENO,2021,5,2323099,76901594,429264,Viernes,24
91,AMAZONAS,91540,PUERTO NARIAO,91540000,PUERTO NARIO,2021,5,104516,3633934,21032,Miercoles,24
19,CAUCA,19809,TIMBIQUI,19809023,PUERTO SAIJA,2021,5,15238,504658,17178,Viernes,321
18,CAQUETA,18150,CARTAGENA DEL CHAIRA,18150001,REMOLINO DEL CAGUAN,2021,5,11337,477102,8779,Sabado,518
19,CAUCA,19318,GUAPI,19318013,SAN ANTONIO DE GUAJUI,2021,5,11115,3176,4916,Viernes,914
76,VALLE DEL CAUCA,76109,BUENAVENTURA,76109032,SAN FRANCISCO DE NAYA,2021,5,5578,226374,2973,Martes,8
19,CAUCA,19418,LOPEZ MICAY,19418015,SAN ISIDRO LAPEZ,2021,5,948,34706,618,Lunes,64
19,CAUCA,19809,TIMBIQUI,19809007,SAN JOSE,2021,5,7549,485346,4116,Martes,76
13,BOLIVAR,13001,CARTAGENA,13001901,SANTA CRUZ DEL ISLOTE,2021,5,17415,59742,4883,Miercoles,1457
19,CAUCA,19809,TIMBIQUI,19809008,SANTA MARIA,2021,5,14585,592219,6995,Viernes,819
99,VICHADA,99624,SANTA ROSALIA,99624000,SANTA ROSALIA,2021,5,133752,6828858,3361,Miercoles,1813
97,VAUPES,97666,TARAIRA,97666000,TARAIRA,2021,5,29461,91601,11079,Lunes,1117
91,AMAZONAS,91798,TARAPACA,91798000,TARAPACA,2021,5,24043,1011541,9062,Sabado,1022
5,ANTIOQUIA,5873,VIGIA DEL FUERTE,5873002,VEGAEZ VIGIA,2021,5,3997,29364,3517,Miercoles,518
5,ANTIOQUIA,5873,VIGIA DEL FUERTE,5873000,VIGAçA DEL FUERTE,2021,5,84101,3670383,31328,Sabado,949
19,CAUCA,19418,LOPEZ MICAY,19418019,ZARAGOZA LOPEZ,2021,5,12556,555266,6416,Sabado,9
19,CAUCA,19418,LOPEZ MICAY,19418024,BETANIA NAYA LAPEZ,2021,6,6346,221459,2952,Sabado,854
19,CAUCA,19418,LOPEZ MICAY,19418033,BOCA GRANDE,2021,6,4352,85528,2876,Lunes,66
85,CASANARE,85430,TRINIDAD,85430001,BOCAS DEL PAUTO,2021,6,12348,730118,825,Miercoles,635
19,CAUCA,19809,TIMBIQUI,19809014,CHACAN,2021,6,4179,11358,2846,Lunes,558
19,CAUCA,19809,TIMBIQUI,19809010,COMUNIDAD DE CHETE,2021,6,4504,151232,3616,Jueves,56
19,CAUCA,19809,TIMBIQUI,19809003,COTEJE,2021,6,7137,419066,3388,Miercoles,821
18,CAQUETA,18753,SAN VICENTE DEL CAGUAN,18753002,GUACAMAYAS,2021,6,1137,45519,3346,Jueves,148
18,CAQUETA,18753,SAN VICENTE DEL CAGUAN,18753015,GUAYABAL,2021,6,5187,262192,3573,Domingo,615
19,CAUCA,19418,LOPEZ MICAY,19418038,ISLA DE GALLO,2021,6,3590,14564,2458,Sabado,558
13,BOLIVAR,13001,CARTAGENA,13001007,ISLA FUERTE CARTAGENA,2021,6,27979,1503934,16537,Sabado,722
13,BOLIVAR,13001,CARTAGENA,13001037,ISLA MACURA,2021,6,6701,232446,1987,Lunes,1532
91,AMAZONAS,91001,LETICIA,91001000,LETICIA,2021,6,3289472,1020489,680293,Jueves,24
19,CAUCA,19318,GUAPI,19318008,LIMONES GUAPI,2021,6,8067,335841,3603,Viernes,944
19,CAUCA,19809,TIMBIQUI,19809026,LOS BRAZOS,2021,6,3521,68249,4656,Sabado,33
19,CAUCA,19418,LOPEZ MICAY,19418009,NOANAMITO LAPEZ,2021,6,7106,2037,40,Sabado,811
18,CAQUETA,18753,SAN VICENTE DEL CAGUAN,18753009,PUERTO BETANIA,2021,6,5144,198914,4436,Sabado,511
91,AMAZONAS,91540,PUERTO NARIAO,91540000,PUERTO NARIO,2021,6,100352,3409142,22106,Jueves,2357
19,CAUCA,19809,TIMBIQUI,19809023,PUERTO SAIJA,2021,6,15392,551624,16685,Domingo,453
18,CAQUETA,18150,CARTAGENA DEL CHAIRA,18150001,REMOLINO DEL CAGUAN,2021,6,14606,659452,7857,Sabado,89
19,CAUCA,19318,GUAPI,19318013,SAN ANTONIO DE GUAJUI,2021,6,11594,3596,511,Sabado,957
19,CAUCA,19418,LOPEZ MICAY,19418015,SAN ISIDRO LAPEZ,2021,6,846,31598,605,Viernes,624
19,CAUCA,19809,TIMBIQUI,19809007,SAN JOSE,2021,6,7047,42876,4094,Domingo,651
13,BOLIVAR,13001,CARTAGENA,13001901,SANTA CRUZ DEL ISLOTE,2021,6,18743,320646,464,Domingo,1742
19,CAUCA,19809,TIMBIQUI,19809008,SANTA MARIA,2021,6,10462,431155,665,Sabado,637
91,AMAZONAS,91798,TARAPACA,91798000,TARAPACA,2021,6,22248,963485,8347,Jueves,1015
5,ANTIOQUIA,5873,VIGIA DEL FUERTE,5873002,VEGAEZ VIGIA,2021,6,4629,30534,4221,Viernes,633
5,ANTIOQUIA,5873,VIGIA DEL FUERTE,5873000,VIGAçA DEL FUERTE,2021,6,114198,5055327,32032,Domingo,14
19,CAUCA,19418,LOPEZ MICAY,19418019,ZARAGOZA LOPEZ,2021,6,11364,516694,6125,Viernes,99
94,GUAINIA,94343,BARRANCO MINAS,94343000,BARRANCO MINAS,2021,7,53463,1730734,16195,Miercoles,1348
19,CAUCA,19418,LOPEZ MICAY,19418024,BETANIA NAYA LAPEZ,2021,7,5777,205945,3012,Domingo,724
19,CAUCA,19418,LOPEZ MICAY,19418033,BOCA GRANDE,2021,7,4135,85449,2956,Martes,531
85,CASANARE,85430,TRINIDAD,85430001,BOCAS DEL PAUTO,2021,7,12206,690992,8646,Sabado,617
97,VAUPES,97161,CARURU,97161000,CARURA,2021,7,17752,281305,7137,Jueves,1216
99,VICHADA,99001,PUERTO CARREAO,99001002,CASUARITO,2021,7,22270,864019,11387,Jueves,831
19,CAUCA,19809,TIMBIQUI,19809010,COMUNIDAD DE CHETE,2021,7,5521,225449,3382,Jueves,625
19,CAUCA,19809,TIMBIQUI,19809003,COTEJE,2021,7,7378,425641,3484,Sabado,83
99,VICHADA,99773,CUMARIBO,99773000,CUMARIBO,2021,7,278417,12202168,60984,Martes,2332
18,CAQUETA,18753,SAN VICENTE DEL CAGUAN,18753002,GUACAMAYAS,2021,7,10049,507293,4003,Sabado,177
18,CAQUETA,18753,SAN VICENTE DEL CAGUAN,18753015,GUAYABAL,2021,7,5762,28165,3736,Sabado,64
94,GUAINIA,94001,INIRIDA,94001000,INARIDA,2021,7,1539048,51774008,297088,Jueves,24
19,CAUCA,19418,LOPEZ MICAY,19418038,ISLA DE GALLO,2021,7,3920,161502,2422,Viernes,629
13,BOLIVAR,13001,CARTAGENA,13001007,ISLA FUERTE CARTAGENA,2021,7,28819,1536207,17202,Sabado,79
13,BOLIVAR,13001,CARTAGENA,13001037,ISLA MACURA,2021,7,6984,23425,2115,Domingo,1437
19,CAUCA,19418,LOPEZ MICAY,19418007,LA CONCHA,2021,7,1034,24732,1432,Sabado,38
99,VICHADA,99524,LA PRIMAVERA,99524000,LA PRIMAVERA,2021,7,302496,1372967,57636,Lunes,24
91,AMAZONAS,91001,LETICIA,91001000,LETICIA,2021,7,3468354,1081769,699584,Jueves,24
19,CAUCA,19318,GUAPI,19318008,LIMONES GUAPI,2021,7,8397,334857,3581,Viernes,933
19,CAUCA,19809,TIMBIQUI,19809026,LOS BRAZOS,2021,7,8936,172718,4687,Sabado,714
50,META,50325,MAPIRIPAN,50325000,MAPIRIPAÅN,2021,7,149997,592581,30888,Miercoles,2356
95,GUAVIARE,95200,MIRAFLORES,95200000,MIRAFLORES,2021,7,72315,2488079,16896,Viernes,199
97,VAUPES,97001,MITU,97001000,MITA,2021,7,1221413,37748496,255994,Jueves,24
19,CAUCA,19418,LOPEZ MICAY,19418009,NOANAMITO LAPEZ,2021,7,7660,2416,40,Sabado,811
47,MAGDALENA,47189,CIENAGA,47189018,PALMOR CIANAGA,2021,7,80159,3043064,1664,Domingo,2151
86,PUTUMAYO,86573,PUERTO LEGUIZAMO,86573009,PIAUAO NEGRO,2021,7,4350,24784,288,Sabado,648
18,CAQUETA,18753,SAN VICENTE DEL CAGUAN,18753009,PUERTO BETANIA,2021,7,5230,208768,428,Jueves,53
99,VICHADA,99001,PUERTO CARREAO,99001000,PUERTO CARRENO,2021,7,2154809,74807854,397584,Jueves,2359
86,PUTUMAYO,86573,PUERTO LEGUIZAMO,86573000,PUERTO LEGUIZAMO,2021,7,861962,34204031,177874,Jueves,2342
91,AMAZONAS,91540,PUERTO NARIAO,91540000,PUERTO NARIO,2021,7,101229,3522688,21648,Viernes,24
19,CAUCA,19809,TIMBIQUI,19809023,PUERTO SAIJA,2021,7,26959,929799,17213,Miercoles,554
18,CAQUETA,18150,CARTAGENA DEL CHAIRA,18150001,REMOLINO DEL CAGUAN,2021,7,15208,699494,7591,Sabado,9
19,CAUCA,19418,LOPEZ MICAY,19418012,SAN ANTONIO DE CHUARE,2021,7,7440,256626,5555,Domingo,526
19,CAUCA,19318,GUAPI,19318013,SAN ANTONIO DE GUAJUI,2021,7,11919,4164,4877,Miercoles,946
76,VALLE DEL CAUCA,76109,BUENAVENTURA,76109032,SAN FRANCISCO DE NAYA,2021,7,5823,26325,2851,Miercoles,85
19,CAUCA,19418,LOPEZ MICAY,19418015,SAN ISIDRO LAPEZ,2021,7,897,33381,598,Sabado,623
19,CAUCA,19809,TIMBIQUI,19809007,SAN JOSE,2021,7,7033,438643,4025,Martes,636
13,BOLIVAR,13001,CARTAGENA,13001901,SANTA CRUZ DEL ISLOTE,2021,7,20586,71612,4842,Martes,187
19,CAUCA,19809,TIMBIQUI,19809008,SANTA MARIA,2021,7,15828,681456,6797,Jueves,928
19,CAUCA,19809,TIMBIQUI,19809009,SANTA ROSA DE SAIJA,2021,7,4556,27478,2566,Martes,76
99,VICHADA,99624,SANTA ROSALIA,99624000,SANTA ROSALIA,2021,7,126001,6614999,31445,Martes,1816
97,VAUPES,97666,TARAIRA,97666000,TARAIRA,2021,7,28872,89199,12188,Martes,1049
91,AMAZONAS,91798,TARAPACA,91798000,TARAPACA,2021,7,22753,1019364,8381,Viernes,1016
5,ANTIOQUIA,5873,VIGIA DEL FUERTE,5873002,VEGAEZ VIGIA,2021,7,5563,33915,4195,Miercoles,815
5,ANTIOQUIA,5873,VIGIA DEL FUERTE,5873000,VIGAçA DEL FUERTE,2021,7,107662,4753628,31222,Miercoles,1259
19,CAUCA,19418,LOPEZ MICAY,19418019,ZARAGOZA LOPEZ,2021,7,9865,461776,704,Viernes,714
94,GUAINIA,94343,BARRANCO MINAS,94343000,BARRANCO MINAS,2021,8,59261,1983575,18091,Jueves,1333
19,CAUCA,19418,LOPEZ MICAY,19418033,BOCA GRANDE,2021,8,4112,84525,3052,Martes,537
85,CASANARE,85430,TRINIDAD,85430001,BOCAS DEL PAUTO,2021,8,12634,725293,8243,Martes,628
97,VAUPES,97161,CARURU,97161000,CARURA,2021,8,19390,310409,7445,Martes,1219
99,VICHADA,99001,PUERTO CARREAO,99001002,CASUARITO,2021,8,23993,952411,11405,Domingo,849
19,CAUCA,19809,TIMBIQUI,19809010,COMUNIDAD DE CHETE,2021,8,4619,195744,321,Jueves,528
19,CAUCA,19809,TIMBIQUI,19809003,COTEJE,2021,8,6831,401508,3508,Viernes,742
99,VICHADA,99773,CUMARIBO,99773000,CUMARIBO,2021,8,294302,12600775,6622,Jueves,2359
18,CAQUETA,18753,SAN VICENTE DEL CAGUAN,18753002,GUACAMAYAS,2021,8,12445,607085,4433,Jueves,1723
18,CAQUETA,18753,SAN VICENTE DEL CAGUAN,18753015,GUAYABAL,2021,8,6469,31271,3696,Sabado,79
94,GUAINIA,94001,INIRIDA,94001000,INARIDA,2021,8,1654297,55614944,320056,Martes,2351
19,CAUCA,19418,LOPEZ MICAY,19418038,ISLA DE GALLO,2021,8,3720,150905,2509,Sabado,619
13,BOLIVAR,13001,CARTAGENA,13001007,ISLA FUERTE CARTAGENA,2021,8,14790,77122,13702,Domingo,424
13,BOLIVAR,13001,CARTAGENA,13001037,ISLA MACURA,2021,8,6170,213551,2282,Domingo,1227
19,CAUCA,19418,LOPEZ MICAY,19418007,LA CONCHA,2021,8,2213,40164,142,Sabado,622
99,VICHADA,99524,LA PRIMAVERA,99524000,LA PRIMAVERA,2021,8,312980,13962168,61182,Miercoles,2359
91,AMAZONAS,91001,LETICIA,91001000,LETICIA,2021,8,3849566,1187349,794633,Miercoles,24
19,CAUCA,19318,GUAPI,19318008,LIMONES GUAPI,2021,8,8950,373437,3747,Sabado,10
50,META,50325,MAPIRIPAN,50325000,MAPIRIPAÅN,2021,8,154955,619168,31284,Jueves,24
95,GUAVIARE,95200,MIRAFLORES,95200000,MIRAFLORES,2021,8,75422,2620893,18788,Jueves,1911
97,VAUPES,97001,MITU,97001000,MITA,2021,8,1273403,39076749,269634,Miercoles,2358
44,LA GUAJIRA,44847,URIBIA,44847012,NAZARETH URIBIA,2021,8,70977,220198,3067,Lunes,122
19,CAUCA,19418,LOPEZ MICAY,19418009,NOANAMITO LAPEZ,2021,8,5418,1801,40,Miercoles,6
47,MAGDALENA,47189,CIENAGA,47189018,PALMOR CIANAGA,2021,8,85325,3075981,16941,Domingo,229
86,PUTUMAYO,86573,PUERTO LEGUIZAMO,86573009,PIAUAO NEGRO,2021,8,4394,25944,288,Sabado,7
18,CAQUETA,18753,SAN VICENTE DEL CAGUAN,18753009,PUERTO BETANIA,2021,8,5662,222631,4604,Viernes,53
99,VICHADA,99001,PUERTO CARREAO,99001000,PUERTO CARRENO,2021,8,2225164,74504518,417208,Viernes,24
86,PUTUMAYO,86573,PUERTO LEGUIZAMO,86573000,PUERTO LEGUIZAMO,2021,8,961358,36964406,197595,Jueves,2359
91,AMAZONAS,91540,PUERTO NARIAO,91540000,PUERTO NARIO,2021,8,110682,3944459,23778,Martes,24
18,CAQUETA,18150,CARTAGENA DEL CHAIRA,18150001,REMOLINO DEL CAGUAN,2021,8,17548,76033,8289,Sabado,951
19,CAUCA,19418,LOPEZ MICAY,19418012,SAN ANTONIO DE CHUARE,2021,8,8774,321168,5453,Jueves,644
19,CAUCA,19318,GUAPI,19318013,SAN ANTONIO DE GUAJUI,2021,8,11744,4140,4805,Viernes,938
5,ANTIOQUIA,5873,VIGIA DEL FUERTE,5873001,SAN ANTONIO DE PADUA,2021,8,5399,2044,3699,Sabado,62
76,VALLE DEL CAUCA,76109,BUENAVENTURA,76109032,SAN FRANCISCO DE NAYA,2021,8,5921,258773,3014,Lunes,8
19,CAUCA,19418,LOPEZ MICAY,19418015,SAN ISIDRO LAPEZ,2021,8,836,35962,566,Miercoles,551
19,CAUCA,19809,TIMBIQUI,19809007,SAN JOSE,2021,8,7907,535335,3828,Lunes,84
13,BOLIVAR,13001,CARTAGENA,13001901,SANTA CRUZ DEL ISLOTE,2021,8,20083,602086,4746,Miercoles,1729
19,CAUCA,19809,TIMBIQUI,19809008,SANTA MARIA,2021,8,16142,686467,6982,Lunes,942
19,CAUCA,19809,TIMBIQUI,19809009,SANTA ROSA DE SAIJA,2021,8,5031,299969,2527,Sabado,81
99,VICHADA,99624,SANTA ROSALIA,99624000,SANTA ROSALIA,2021,8,134645,7010138,34637,Jueves,1812
97,VAUPES,97666,TARAIRA,97666000,TARAIRA,2021,8,30762,915264,12346,Martes,105
91,AMAZONAS,91798,TARAPACA,91798000,TARAPACA,2021,8,23827,1076112,8896,Jueves,1016
5,ANTIOQUIA,5873,VIGIA DEL FUERTE,5873002,VEGAEZ VIGIA,2021,8,1470,10556,4077,Lunes,157
5,ANTIOQUIA,5873,VIGIA DEL FUERTE,5873000,VIGAçA DEL FUERTE,2021,8,86883,3780014,32067,Sabado,1016
19,CAUCA,19418,LOPEZ MICAY,19418033,BOCA GRANDE,2021,9,4195,85871,2984,Martes,554
85,CASANARE,85430,TRINIDAD,85430001,BOCAS DEL PAUTO,2021,9,13022,714206,8877,Martes,626
99,VICHADA,99001,PUERTO CARREAO,99001002,CASUARITO,2021,9,25753,969967,11774,Jueves,912
19,CAUCA,19809,TIMBIQUI,19809014,CHACAN,2021,9,38,648,1456,Jueves,6
19,CAUCA,19809,TIMBIQUI,19809010,COMUNIDAD DE CHETE,2021,9,5737,2711,3178,Lunes,741
19,CAUCA,19809,TIMBIQUI,19809003,COTEJE,2021,9,7108,420373,3368,Miercoles,83
99,VICHADA,99773,CUMARIBO,99773000,CUMARIBO,2021,9,313026,12926003,704,Lunes,2359
19,CAUCA,19418,LOPEZ MICAY,19418011,DOS QUEBRADAS,2021,9,2874,93891,3155,Lunes,346
18,CAQUETA,18753,SAN VICENTE DEL CAGUAN,18753002,GUACAMAYAS,2021,9,12661,660744,383,Sabado,1822
18,CAQUETA,18753,SAN VICENTE DEL CAGUAN,18753015,GUAYABAL,2021,9,6544,31571,4078,Sabado,721
94,GUAINIA,94001,INIRIDA,94001000,INARIDA,2021,9,1644339,53609908,32824,Jueves,2353
19,CAUCA,19418,LOPEZ MICAY,19418038,ISLA DE GALLO,2021,9,3573,157207,264,Sabado,548
13,BOLIVAR,13001,CARTAGENA,13001007,ISLA FUERTE CARTAGENA,2021,9,13611,731078,14051,Viernes,421
13,BOLIVAR,13001,CARTAGENA,13001037,ISLA MACURA,2021,9,6464,235515,1923,Sabado,148
19,CAUCA,19418,LOPEZ MICAY,19418007,LA CONCHA,2021,9,2518,46248,1516,Viernes,645
99,VICHADA,99524,LA PRIMAVERA,99524000,LA PRIMAVERA,2021,9,314855,1381771,62359,Jueves,2349
91,AMAZONAS,91001,LETICIA,91001000,LETICIA,2021,9,3758106,1158829,734851,Lunes,24
19,CAUCA,19318,GUAPI,19318008,LIMONES GUAPI,2021,9,7729,345231,5897,Jueves,919
50,META,50325,MAPIRIPAN,50325000,MAPIRIPAÅN,2021,9,157120,616968,32076,Jueves,2358
95,GUAVIARE,95200,MIRAFLORES,95200000,MIRAFLORES,2021,9,77896,2864697,19668,Lunes,1917
97,VAUPES,97001,MITU,97001000,MITA,2021,9,1296787,39794591,276564,Lunes,2357
44,LA GUAJIRA,44847,URIBIA,44847012,NAZARETH URIBIA,2021,9,71218,2221505,29796,Jueves,1324
19,CAUCA,19418,LOPEZ MICAY,19418009,NOANAMITO LAPEZ,2021,9,5674,1841,44,Sabado,618
47,MAGDALENA,47189,CIENAGA,47189018,PALMOR CIANAGA,2021,9,84503,3083736,18739,Sabado,2144
86,PUTUMAYO,86573,PUERTO LEGUIZAMO,86573009,PIAUAO NEGRO,2021,9,3863,22376,256,Lunes,649
18,CAQUETA,18753,SAN VICENTE DEL CAGUAN,18753009,PUERTO BETANIA,2021,9,5861,230168,452,Jueves,553
99,VICHADA,99001,PUERTO CARREAO,99001000,PUERTO CARRENO,2021,9,2273788,75787624,440968,Jueves,24
86,PUTUMAYO,86573,PUERTO LEGUIZAMO,86573000,PUERTO LEGUIZAMO,2021,9,938441,36260638,197569,Lunes,24
91,AMAZONAS,91540,PUERTO NARIAO,91540000,PUERTO NARIO,2021,9,109597,388623,23197,Sabado,24
18,CAQUETA,18150,CARTAGENA DEL CHAIRA,18150001,REMOLINO DEL CAGUAN,2021,9,15904,681798,8389,Sabado,827
19,CAUCA,19418,LOPEZ MICAY,19418012,SAN ANTONIO DE CHUARE,2021,9,8156,297518,5203,Viernes,637
19,CAUCA,19318,GUAPI,19318013,SAN ANTONIO DE GUAJUI,2021,9,8896,4250,4733,Miercoles,742
5,ANTIOQUIA,5873,VIGIA DEL FUERTE,5873001,SAN ANTONIO DE PADUA,2021,9,4520,167079,385,Martes,58
19,CAUCA,19809,TIMBIQUI,19809010,COMUNIDAD DE CHETE,2021,10,5093,247251,3414,Sabado,557
76,VALLE DEL CAUCA,76109,BUENAVENTURA,76109032,SAN FRANCISCO DE NAYA,2021,9,5735,301372,3389,Sabado,739
19,CAUCA,19418,LOPEZ MICAY,19418015,SAN ISIDRO LAPEZ,2021,9,776,33249,563,Viernes,553
19,CAUCA,19809,TIMBIQUI,19809007,SAN JOSE,2021,9,7793,540014,3852,Sabado,83
13,BOLIVAR,13001,CARTAGENA,13001901,SANTA CRUZ DEL ISLOTE,2021,9,19617,717584,4906,Jueves,1727
19,CAUCA,19809,TIMBIQUI,19809008,SANTA MARIA,2021,9,14985,646963,6554,Jueves,923
19,CAUCA,19809,TIMBIQUI,19809009,SANTA ROSA DE SAIJA,2021,9,5154,310243,2717,Martes,836
99,VICHADA,99624,SANTA ROSALIA,99624000,SANTA ROSALIA,2021,9,135039,6938861,34397,Lunes,189
97,VAUPES,97666,TARAIRA,97666000,TARAIRA,2021,9,32757,1021403,13376,Martes,1112
91,AMAZONAS,91798,TARAPACA,91798000,TARAPACA,2021,9,23838,1076906,9096,Martes,1021
5,ANTIOQUIA,5873,VIGIA DEL FUERTE,5873002,VEGAEZ VIGIA,2021,9,4371,51074,3837,Jueves,651
5,ANTIOQUIA,5873,VIGIA DEL FUERTE,5873000,VIGAçA DEL FUERTE,2021,9,95811,3950408,32877,Lunes,1126
19,CAUCA,19418,LOPEZ MICAY,19418019,ZARAGOZA LOPEZ,2021,9,4090,178622,5258,Domingo,321
94,GUAINIA,94343,BARRANCO MINAS,94343000,BARRANCO MINAS,2021,10,69451,2445991,21433,Jueves,1525
19,CAUCA,19418,LOPEZ MICAY,19418033,BOCA GRANDE,2021,10,4429,86286,2948,Domingo,65
85,CASANARE,85430,TRINIDAD,85430001,BOCAS DEL PAUTO,2021,10,12327,668634,9158,Lunes,537
97,VAUPES,97161,CARURU,97161000,CARURA,2021,10,20535,3710,7726,Viernes,1221
99,VICHADA,99001,PUERTO CARREAO,99001002,CASUARITO,2021,10,25408,946739,12285,Jueves,841
19,CAUCA,19809,TIMBIQUI,19809014,CHACAN,2021,10,2967,6944,2954,Domingo,41
19,CAUCA,19809,TIMBIQUI,19809003,COTEJE,2021,10,5460,311847,3464,Jueves,556
99,VICHADA,99773,CUMARIBO,99773000,CUMARIBO,2021,10,342503,1419231,7216,Viernes,24
19,CAUCA,19418,LOPEZ MICAY,19418011,DOS QUEBRADAS,2021,10,4914,203971,304,Martes,63
18,CAQUETA,18753,SAN VICENTE DEL CAGUAN,18753002,GUACAMAYAS,2021,10,12852,64914,3936,Domingo,1717
18,CAQUETA,18753,SAN VICENTE DEL CAGUAN,18753015,GUAYABAL,2021,10,7139,354282,4242,Martes,714
94,GUAINIA,94001,INIRIDA,94001000,INARIDA,2021,10,1779424,58319052,341968,Jueves,24
19,CAUCA,19418,LOPEZ MICAY,19418038,ISLA DE GALLO,2021,10,3436,155321,2458,Sabado,545
13,BOLIVAR,13001,CARTAGENA,13001007,ISLA FUERTE CARTAGENA,2021,10,16314,887541,13427,Domingo,452
13,BOLIVAR,13001,CARTAGENA,13001037,ISLA MACURA,2021,10,7190,252166,2118,Lunes,143
99,VICHADA,99524,LA PRIMAVERA,99524000,LA PRIMAVERA,2021,10,334634,14693426,63671,Viernes,2354
91,AMAZONAS,91001,LETICIA,91001000,LETICIA,2021,10,3944821,1212683,789422,Viernes,2359
19,CAUCA,19318,GUAPI,19318008,LIMONES GUAPI,2021,10,8323,378244,3647,Viernes,935
50,META,50325,MAPIRIPAN,50325000,MAPIRIPAÅN,2021,10,167930,6506192,34892,Jueves,2346
95,GUAVIARE,95200,MIRAFLORES,95200000,MIRAFLORES,2021,10,82653,3023713,19272,Jueves,191
97,VAUPES,97001,MITU,97001000,MITA,2021,10,1366845,41527378,28096,Jueves,24
44,LA GUAJIRA,44847,URIBIA,44847012,NAZARETH URIBIA,2021,10,60853,163515,26484,Martes,1135
19,CAUCA,19418,LOPEZ MICAY,19418009,NOANAMITO LAPEZ,2021,10,6657,2070,44,Jueves,622
47,MAGDALENA,47189,CIENAGA,47189018,PALMOR CIANAGA,2021,10,96684,359916,17978,Martes,233
86,PUTUMAYO,86573,PUERTO LEGUIZAMO,86573009,PIAUAO NEGRO,2021,10,4256,25008,288,Sabado,73
18,CAQUETA,18753,SAN VICENTE DEL CAGUAN,18753009,PUERTO BETANIA,2021,10,5993,23222,466,Miercoles,539
99,VICHADA,99001,PUERTO CARREAO,99001000,PUERTO CARRENO,2021,10,2451986,8127834,4664,Lunes,2359
86,PUTUMAYO,86573,PUERTO LEGUIZAMO,86573000,PUERTO LEGUIZAMO,2021,10,999016,38939466,2167,Jueves,2345
91,AMAZONAS,91540,PUERTO NARIAO,91540000,PUERTO NARIO,2021,10,110001,4008937,22581,Jueves,24
18,CAQUETA,18150,CARTAGENA DEL CHAIRA,18150001,REMOLINO DEL CAGUAN,2021,10,16823,708549,8813,Sabado,824
19,CAUCA,19418,LOPEZ MICAY,19418012,SAN ANTONIO DE CHUARE,2021,10,6339,223454,5526,Jueves,443
19,CAUCA,19318,GUAPI,19318013,SAN ANTONIO DE GUAJUI,2021,10,10113,4320,4744,Domingo,835
76,VALLE DEL CAUCA,76109,BUENAVENTURA,76109032,SAN FRANCISCO DE NAYA,2021,10,6084,354025,3213,Sabado,745
19,CAUCA,19418,LOPEZ MICAY,19418015,SAN ISIDRO LAPEZ,2021,10,834,39029,573,Lunes,61
19,CAUCA,19809,TIMBIQUI,19809007,SAN JOSE,2021,10,7706,54097,3746,Miercoles,747
13,BOLIVAR,13001,CARTAGENA,13001901,SANTA CRUZ DEL ISLOTE,2021,10,20040,720168,5203,Jueves,166
19,CAUCA,19809,TIMBIQUI,19809008,SANTA MARIA,2021,10,9591,395808,7558,Viernes,53
19,CAUCA,19809,TIMBIQUI,19809009,SANTA ROSA DE SAIJA,2021,10,4002,241822,2256,Sabado,649
99,VICHADA,99624,SANTA ROSALIA,99624000,SANTA ROSALIA,2021,10,144935,7251294,3961,Viernes,1728
97,VAUPES,97666,TARAIRA,97666000,TARAIRA,2021,10,22286,671055,13385,Martes,725
91,AMAZONAS,91798,TARAPACA,91798000,TARAPACA,2021,10,24608,1109431,9362,Viernes,1017
5,ANTIOQUIA,5873,VIGIA DEL FUERTE,5873002,VEGAEZ VIGIA,2021,10,5006,49978,3702,Sabado,7
5,ANTIOQUIA,5873,VIGIA DEL FUERTE,5873000,VIGAçA DEL FUERTE,2021,10,64864,2472923,33053,Jueves,731
19,CAUCA,19418,LOPEZ MICAY,19418019,ZARAGOZA LOPEZ,2021,10,9358,386424,6493,Sabado,636
94,GUAINIA,94343,BARRANCO MINAS,94343000,BARRANCO MINAS,2021,11,62478,1055846,21084,Miercoles,1358
19,CAUCA,19418,LOPEZ MICAY,19418033,BOCA GRANDE,2021,11,4101,80769,2972,Martes,556
85,CASANARE,85430,TRINIDAD,85430001,BOCAS DEL PAUTO,2021,11,13748,769795,8864,Lunes,625
97,VAUPES,97161,CARURU,97161000,CARURA,2021,11,26121,767829,9293,Jueves,1258
99,VICHADA,99001,PUERTO CARREAO,99001002,CASUARITO,2021,11,25865,944262,12619,Martes,845
19,CAUCA,19809,TIMBIQUI,19809014,CHACAN,2021,11,4588,113689,2946,Domingo,639
19,CAUCA,19809,TIMBIQUI,19809010,COMUNIDAD DE CHETE,2021,11,5405,267772,3379,Martes,635
19,CAUCA,19809,TIMBIQUI,19809003,COTEJE,2021,11,6493,395595,3516,Domingo,719
99,VICHADA,99773,CUMARIBO,99773000,CUMARIBO,2021,11,331422,1370105,69696,Martes,2353
19,CAUCA,19418,LOPEZ MICAY,19418011,DOS QUEBRADAS,2021,11,5485,217306,3187,Martes,723
18,CAQUETA,18753,SAN VICENTE DEL CAGUAN,18753002,GUACAMAYAS,2021,11,9164,385378,3934,Sabado,1237
18,CAQUETA,18753,SAN VICENTE DEL CAGUAN,18753015,GUAYABAL,2021,11,5573,272063,4158,Sabado,547
94,GUAINIA,94001,INIRIDA,94001000,INARIDA,2021,11,1980076,6499482,38456,Miercoles,24
19,CAUCA,19418,LOPEZ MICAY,19418038,ISLA DE GALLO,2021,11,2969,118732,2448,Sabado,52
13,BOLIVAR,13001,CARTAGENA,13001007,ISLA FUERTE CARTAGENA,2021,11,14532,792716,13577,Domingo,441
13,BOLIVAR,13001,CARTAGENA,13001037,ISLA MACURA,2021,11,6776,246888,2272,Domingo,1413
99,VICHADA,99524,LA PRIMAVERA,99524000,LA PRIMAVERA,2021,11,330853,13809429,65419,Martes,2354
91,AMAZONAS,91001,LETICIA,91001000,LETICIA,2021,11,3823218,1160411,75314,Miercoles,24
19,CAUCA,19318,GUAPI,19318008,LIMONES GUAPI,2021,11,8593,378934,4118,Martes,942
50,META,50325,MAPIRIPAN,50325000,MAPIRIPAÅN,2021,11,170433,6762426,34276,Sabado,2342
95,GUAVIARE,95200,MIRAFLORES,95200000,MIRAFLORES,2021,11,84440,3168407,19932,Viernes,193
97,VAUPES,97001,MITU,97001000,MITA,2021,11,1283068,37967793,272019,Miercoles,2303
44,LA GUAJIRA,44847,URIBIA,44847012,NAZARETH URIBIA,2021,11,59512,1674255,26338,Lunes,1143
19,CAUCA,19418,LOPEZ MICAY,19418009,NOANAMITO LAPEZ,2021,11,6520,1917,44,Sabado,616
47,MAGDALENA,47189,CIENAGA,47189018,PALMOR CIANAGA,2021,11,98914,3641906,19622,Jueves,2241
86,PUTUMAYO,86573,PUERTO LEGUIZAMO,86573009,PIAUAO NEGRO,2021,11,3906,24032,288,Sabado,645
18,CAQUETA,18753,SAN VICENTE DEL CAGUAN,18753009,PUERTO BETANIA,2021,11,5542,207975,476,Viernes,517
99,VICHADA,99001,PUERTO CARREAO,99001000,PUERTO CARRENO,2021,11,2457318,80110382,449768,Jueves,24
86,PUTUMAYO,86573,PUERTO LEGUIZAMO,86573000,PUERTO LEGUIZAMO,2021,11,992047,40051802,195184,Martes,2353
91,AMAZONAS,91540,PUERTO NARIAO,91540000,PUERTO NARIO,2021,11,109712,3853274,22827,Viernes,2358
18,CAQUETA,18150,CARTAGENA DEL CHAIRA,18150001,REMOLINO DEL CAGUAN,2021,11,16425,685267,8763,Sabado,814
19,CAUCA,19418,LOPEZ MICAY,19418012,SAN ANTONIO DE CHUARE,2021,11,6479,228095,5696,Martes,449
19,CAUCA,19318,GUAPI,19318013,SAN ANTONIO DE GUAJUI,2021,11,9404,4134,4589,Domingo,911
76,VALLE DEL CAUCA,76109,BUENAVENTURA,76109032,SAN FRANCISCO DE NAYA,2021,11,5919,258897,4394,Jueves,743
19,CAUCA,19418,LOPEZ MICAY,19418015,SAN ISIDRO LAPEZ,2021,11,832,39576,586,Martes,617
19,CAUCA,19809,TIMBIQUI,19809007,SAN JOSE,2021,11,7362,479388,3835,Sabado,721
13,BOLIVAR,13001,CARTAGENA,13001901,SANTA CRUZ DEL ISLOTE,2021,11,19273,688098,5066,Martes,145
19,CAUCA,19809,TIMBIQUI,19809008,SANTA MARIA,2021,11,12559,498976,695,Sabado,718
19,CAUCA,19809,TIMBIQUI,19809009,SANTA ROSA DE SAIJA,2021,11,3804,223426,2357,Martes,627
99,VICHADA,99624,SANTA ROSALIA,99624000,SANTA ROSALIA,2021,11,150513,7558966,39168,Martes,1815
97,VAUPES,97666,TARAIRA,97666000,TARAIRA,2021,11,29213,908926,12584,Lunes,1032
91,AMAZONAS,91798,TARAPACA,91798000,TARAPACA,2021,11,24076,1100339,8996,Viernes,1021
5,ANTIOQUIA,5873,VIGIA DEL FUERTE,5873002,VEGAEZ VIGIA,2021,11,3965,49468,3632,Martes,544
5,ANTIOQUIA,5873,VIGIA DEL FUERTE,5873000,VIGAçA DEL FUERTE,2021,11,65658,2536582,33088,Martes,753
19,CAUCA,19418,LOPEZ MICAY,19418019,ZARAGOZA LOPEZ,2021,11,6325,265343,5728,Martes,53
94,GUAINIA,94343,BARRANCO MINAS,94343000,BARRANCO MINAS,2021,12,71310,2421104,18706,Viernes,16
85,CASANARE,85430,TRINIDAD,85430001,BOCAS DEL PAUTO,2021,12,14236,772493,9312,Viernes,612
97,VAUPES,97161,CARURU,97161000,CARURA,2021,12,29197,888958,9698,Miercoles,1251
99,VICHADA,99001,PUERTO CARREAO,99001002,CASUARITO,2021,12,38120,1465957,10754,Viernes,1416
19,CAUCA,19809,TIMBIQUI,19809014,CHACAN,2021,12,4535,107055,3246,Martes,619
19,CAUCA,19809,TIMBIQUI,19809010,COMUNIDAD DE CHETE,2021,12,5190,282213,3309,Jueves,621
19,CAUCA,19809,TIMBIQUI,19809003,COTEJE,2021,12,6959,459973,3492,Miercoles,82
99,VICHADA,99773,CUMARIBO,99773000,CUMARIBO,2021,12,354309,14696418,70576,Lunes,2358
19,CAUCA,19418,LOPEZ MICAY,19418011,DOS QUEBRADAS,2021,12,5160,218395,295,Miercoles,712
18,CAQUETA,18753,SAN VICENTE DEL CAGUAN,18753002,GUACAMAYAS,2021,12,15996,634666,498,Viernes,1843
18,CAQUETA,18753,SAN VICENTE DEL CAGUAN,18753015,GUAYABAL,2021,12,6968,353119,4064,Lunes,711
94,GUAINIA,94001,INIRIDA,94001000,INARIDA,2021,12,2002273,666182,37268,Lunes,24
19,CAUCA,19418,LOPEZ MICAY,19418038,ISLA DE GALLO,2021,12,3727,150403,2397,Viernes,658
13,BOLIVAR,13001,CARTAGENA,13001007,ISLA FUERTE CARTAGENA,2021,12,14819,843709,18482,Viernes,53
13,BOLIVAR,13001,CARTAGENA,13001037,ISLA MACURA,2021,12,6715,263908,2064,Miercoles,1517
99,VICHADA,99524,LA PRIMAVERA,99524000,LA PRIMAVERA,2021,12,349787,14681736,6906,Lunes,2354
91,AMAZONAS,91001,LETICIA,91001000,LETICIA,2021,12,3879570,1172569,742824,Lunes,24
19,CAUCA,19318,GUAPI,19318008,LIMONES GUAPI,2021,12,8928,393155,3891,Jueves,10
19,CAUCA,19809,TIMBIQUI,19809026,LOS BRAZOS,2021,12,8236,160201,4445,Martes,71
50,META,50325,MAPIRIPAN,50325000,MAPIRIPAÅN,2021,12,182933,7333315,34848,Miercoles,2351
95,GUAVIARE,95200,MIRAFLORES,95200000,MIRAFLORES,2021,12,88210,3215905,19316,Jueves,1936
97,VAUPES,97001,MITU,97001000,MITA,2021,12,1411146,41913538,282812,Lunes,24
44,LA GUAJIRA,44847,URIBIA,44847012,NAZARETH URIBIA,2021,12,46448,1739639,19488,Miercoles,1211
19,CAUCA,19418,LOPEZ MICAY,19418009,NOANAMITO LAPEZ,2021,12,6828,1988,52,Domingo,636
47,MAGDALENA,47189,CIENAGA,47189018,PALMOR CIANAGA,2021,12,108744,3985776,20832,Martes,2323
86,PUTUMAYO,86573,PUERTO LEGUIZAMO,86573009,PIAUAO NEGRO,2021,12,4492,29408,288,Sabado,728
18,CAQUETA,18753,SAN VICENTE DEL CAGUAN,18753009,PUERTO BETANIA,2021,12,6174,239333,4804,Sabado,547
99,VICHADA,99001,PUERTO CARREAO,99001000,PUERTO CARRENO,2021,12,2512513,81735236,435424,Lunes,24
76,VALLE DEL CAUCA,76109,BUENAVENTURA,76109028,PUERTO MERIZALDE,2021,12,58393,1966752,1885,Viernes,1314
91,AMAZONAS,91540,PUERTO NARIAO,91540000,PUERTO NARIO,2021,12,114582,3996062,22141,Lunes,24
19,CAUCA,19809,TIMBIQUI,19809023,PUERTO SAIJA,2021,12,17508,851391,14696,Viernes,447
18,CAQUETA,18150,CARTAGENA DEL CHAIRA,18150001,REMOLINO DEL CAGUAN,2021,12,18509,909992,9336,Viernes,832
19,CAUCA,19418,LOPEZ MICAY,19418012,SAN ANTONIO DE CHUARE,2021,12,8525,286764,5779,Viernes,61
19,CAUCA,19318,GUAPI,19318013,SAN ANTONIO DE GUAJUI,2021,12,12223,4186,495,Jueves,1021
76,VALLE DEL CAUCA,76109,BUENAVENTURA,76109032,SAN FRANCISCO DE NAYA,2021,12,4366,199971,3123,Sabado,533
19,CAUCA,19418,LOPEZ MICAY,19418015,SAN ISIDRO LAPEZ,2021,12,931,45736,608,Miercoles,76
19,CAUCA,19809,TIMBIQUI,19809007,SAN JOSE,2021,12,9283,62508,3936,Jueves,933
13,BOLIVAR,13001,CARTAGENA,13001901,SANTA CRUZ DEL ISLOTE,2021,12,13297,44631,3424,Miercoles,1636
18,CAQUETA,18150,CARTAGENA DEL CHAIRA,18150002,SANTA FE DEL CAGUAN,2021,12,4758,219635,4512,Sabado,51
19,CAUCA,19809,TIMBIQUI,19809008,SANTA MARIA,2021,12,12877,511307,7405,Viernes,729
19,CAUCA,19809,TIMBIQUI,19809009,SANTA ROSA DE SAIJA,2021,12,3994,249953,222,Miercoles,735
99,VICHADA,99624,SANTA ROSALIA,99624000,SANTA ROSALIA,2021,12,157971,7992832,36994,Miercoles,183
97,VAUPES,97666,TARAIRA,97666000,TARAIRA,2021,12,33243,1033835,11818,Lunes,1127
91,AMAZONAS,91798,TARAPACA,91798000,TARAPACA,2021,12,24153,1061309,9046,Jueves,1015
5,ANTIOQUIA,5873,VIGIA DEL FUERTE,5873002,VEGAEZ VIGIA,2021,12,3721,42862,5114,Jueves,55
19,CAUCA,19418,LOPEZ MICAY,19418019,ZARAGOZA LOPEZ,2021,12,7200,298934,511,Jueves,542
94,GUAINIA,94343,BARRANCO MINAS,94343000,BARRANCO MINAS,2022,1,60972,19836,20286,Domingo,1414
85,CASANARE,85430,TRINIDAD,85430001,BOCAS DEL PAUTO,2022,1,14414,810221,967,Jueves,61
97,VAUPES,97161,CARURU,97161000,CARURA,2022,1,19768,443784,9909,Jueves,1218
99,VICHADA,99001,PUERTO CARREAO,99001002,CASUARITO,2022,1,30981,1190028,11387,Martes,1132
19,CAUCA,19809,TIMBIQUI,19809014,CHACAN,2022,1,2450,61504,2981,Jueves,328
19,CAUCA,19809,TIMBIQUI,19809010,COMUNIDAD DE CHETE,2022,1,4581,274758,3178,Jueves,551
19,CAUCA,19809,TIMBIQUI,19809003,COTEJE,2022,1,5863,417803,33,Lunes,71
99,VICHADA,99773,CUMARIBO,99773000,CUMARIBO,2022,1,338320,14506554,6798,Viernes,24
19,CAUCA,19418,LOPEZ MICAY,19418011,DOS QUEBRADAS,2022,1,5401,203946,3053,Martes,734
18,CAQUETA,18753,SAN VICENTE DEL CAGUAN,18753002,GUACAMAYAS,2022,1,15105,625644,4231,Domingo,1821
94,GUAINIA,94001,INIRIDA,94001000,INARIDA,2022,1,1991755,67369764,358952,Viernes,24
19,CAUCA,19418,LOPEZ MICAY,19418038,ISLA DE GALLO,2022,1,3673,164656,2435,Miercoles,646
13,BOLIVAR,13001,CARTAGENA,13001007,ISLA FUERTE CARTAGENA,2022,1,20571,1179126,18732,Sabado,523
13,BOLIVAR,13001,CARTAGENA,13001037,ISLA MACURA,2022,1,7048,270134,208,Miercoles,161
99,VICHADA,99524,LA PRIMAVERA,99524000,LA PRIMAVERA,2022,1,349259,1488988,66426,Viernes,24
91,AMAZONAS,91001,LETICIA,91001000,LETICIA,2022,1,3835285,1145154,71715,Miercoles,24
19,CAUCA,19318,GUAPI,19318008,LIMONES GUAPI,2022,1,7662,31773,363,Jueves,855
19,CAUCA,19809,TIMBIQUI,19809026,LOS BRAZOS,2022,1,8045,153136,4234,Miercoles,75
50,META,50325,MAPIRIPAN,50325000,MAPIRIPAÅN,2022,1,172163,7128616,34584,Jueves,2354
95,GUAVIARE,95200,MIRAFLORES,95200000,MIRAFLORES,2022,1,76973,2841388,19932,Lunes,174
97,VAUPES,97001,MITU,97001000,MITA,2022,1,1349700,41161141,269406,Viernes,2356
44,LA GUAJIRA,44847,URIBIA,44847012,NAZARETH URIBIA,2022,1,42883,1708542,18552,Martes,1322
19,CAUCA,19418,LOPEZ MICAY,19418009,NOANAMITO LAPEZ,2022,1,6526,1990,44,Domingo,623
47,MAGDALENA,47189,CIENAGA,47189018,PALMOR CIANAGA,2022,1,98133,345403,18406,Sabado,2323
86,PUTUMAYO,86573,PUERTO LEGUIZAMO,86573009,PIAUAO NEGRO,2022,1,4221,27016,256,Lunes,655
88,ARCHIPIELAGO DE SAN ANDRES,88564,PROVIDENCIA,88564000,PROVIDENCIA,2022,1,936385,255183,156115,Jueves,24
18,CAQUETA,18753,SAN VICENTE DEL CAGUAN,18753009,PUERTO BETANIA,2022,1,6220,245246,5124,Sabado,538
99,VICHADA,99001,PUERTO CARREAO,99001000,PUERTO CARRENO,2022,1,2403410,8196815,435776,Martes,24
76,VALLE DEL CAUCA,76109,BUENAVENTURA,76109028,PUERTO MERIZALDE,2022,1,63790,1546996,20117,Jueves,1323
91,AMAZONAS,91540,PUERTO NARIAO,91540000,PUERTO NARIO,2022,1,104004,3481183,22722,Miercoles,2355
19,CAUCA,19809,TIMBIQUI,19809023,PUERTO SAIJA,2022,1,24669,1144246,15154,Miercoles,626
18,CAQUETA,18150,CARTAGENA DEL CHAIRA,18150001,REMOLINO DEL CAGUAN,2022,1,16339,812928,8929,Sabado,753
88,ARCHIPIELAGO DE SAN ANDRES,88001,SAN ANDRES,88001000,ARCHIPIELAGO DE SAN ANDRES,2022,1,16784250,4654748,2840001,Lunes,2359
19,CAUCA,19418,LOPEZ MICAY,19418012,SAN ANTONIO DE CHUARE,2022,1,8262,283557,6115,Viernes,53
19,CAUCA,19318,GUAPI,19318013,SAN ANTONIO DE GUAJUI,2022,1,11541,4662,4816,Viernes,941
76,VALLE DEL CAUCA,76109,BUENAVENTURA,76109032,SAN FRANCISCO DE NAYA,2022,1,2649,98648,2982,Jueves,334
19,CAUCA,19418,LOPEZ MICAY,19418015,SAN ISIDRO LAPEZ,2022,1,1053,5703,634,Jueves,721
19,CAUCA,19809,TIMBIQUI,19809007,SAN JOSE,2022,1,8205,567643,3926,Lunes,83
13,BOLIVAR,13001,CARTAGENA,13001901,SANTA CRUZ DEL ISLOTE,2022,1,13431,452343,3338,Domingo,1724
18,CAQUETA,18150,CARTAGENA DEL CHAIRA,18150002,SANTA FE DEL CAGUAN,2022,1,3669,170136,3992,Domingo,356
19,CAUCA,19809,TIMBIQUI,19809008,SANTA MARIA,2022,1,13803,5622,711,Jueves,759
19,CAUCA,19809,TIMBIQUI,19809009,SANTA ROSA DE SAIJA,2022,1,3882,249344,2268,Miercoles,721
99,VICHADA,99624,SANTA ROSALIA,99624000,SANTA ROSALIA,2022,1,148679,7684292,3601,Martes,1811
97,VAUPES,97666,TARAIRA,97666000,TARAIRA,2022,1,31365,999214,11185,Jueves,1123
91,AMAZONAS,91798,TARAPACA,91798000,TARAPACA,2022,1,23629,107383,868,Domingo,1024
5,ANTIOQUIA,5873,VIGIA DEL FUERTE,5873002,VEGAEZ VIGIA,2022,1,3438,42253,3971,Lunes,423
19,CAUCA,19418,LOPEZ MICAY,19418019,ZARAGOZA LOPEZ,2022,1,6137,239141,5648,Domingo,455
